"","ID","school","grade","age","sex","parents_educacion","familiy_influx","ses_auto","fruit","salud_auto","school_ses","school_kind","ses_auto_agrupado","familiy_influx_num","ses_auto_num","salud_num"
"1",1001,"PRIV-MEDIO","1",12,1,2,"alto",4,"no",4,"MEDIO","PRIV","Media",2,1,2
"2",1002,"PRIV-MEDIO","1",13,0,2,"alto",5,"no",4,"MEDIO","PRIV","Media",2,1,2
"3",1003,"PRIV-MEDIO","1",12,0,1,"bajo",5,"no",4,"MEDIO","PRIV","Media",0,1,2
"4",1004,"PRIV-MEDIO","1",13,0,2,"alto",8,"sí",4,"MEDIO","PRIV","Alta",2,2,2
"5",1005,"PRIV-MEDIO","1",13,1,1,"medio",7,"sí",5,"MEDIO","PRIV","Media",1,1,2
"6",1006,"PRIV-MEDIO","1",12,0,2,"alto",10,"sí",4,"MEDIO","PRIV","Alta",2,2,2
"7",1007,"PRIV-MEDIO","1",12,0,3,"alto",8,"no",3,"MEDIO","PRIV","Alta",2,2,1
"8",1008,"PRIV-MEDIO","1",13,0,3,"medio",10,"no",5,"MEDIO","PRIV","Alta",1,2,2
"9",1009,"PRIV-MEDIO","1",12,1,2,"medio",7,"no",2,"MEDIO","PRIV","Media",1,1,0
"10",1010,"PRIV-MEDIO","1",13,0,1,"bajo",4,"no",3,"MEDIO","PRIV","Media",0,1,1
"11",1011,"PRIV-MEDIO","1",12,0,2,"medio",5,"no",3,"MEDIO","PRIV","Media",1,1,1
"12",1012,"PRIV-MEDIO","1",12,0,2,"alto",7,"sí",3,"MEDIO","PRIV","Media",2,1,1
"13",1013,"PRIV-MEDIO","1",13,1,2,"medio",7,"no",4,"MEDIO","PRIV","Media",1,1,2
"14",1014,"PRIV-MEDIO","1",12,0,1,"medio",4,"no",3,"MEDIO","PRIV","Media",1,1,1
"15",1015,"PRIV-MEDIO","1",13,1,2,"medio",7,"no",2,"MEDIO","PRIV","Media",1,1,0
"16",1016,"PRIV-MEDIO","1",13,0,1,"medio",5,"no",3,"MEDIO","PRIV","Media",1,1,1
"17",1017,"PRIV-MEDIO","1",13,1,2,"bajo",7,"sí",4,"MEDIO","PRIV","Media",0,1,2
"18",1018,"PRIV-MEDIO","1",13,0,2,"alto",8,"sí",2,"MEDIO","PRIV","Alta",2,2,0
"19",1019,"PRIV-MEDIO","1",12,0,2,"medio",8,"no",4,"MEDIO","PRIV","Alta",1,2,2
"20",1020,"PRIV-MEDIO","1",12,1,2,"medio",7,"no",4,"MEDIO","PRIV","Media",1,1,2
"21",1021,"PRIV-MEDIO","1",12,0,2,"medio",9,"sí",3,"MEDIO","PRIV","Alta",1,2,1
"22",1022,"PRIV-MEDIO","1",13,0,0,"alto",8,"no",4,"MEDIO","PRIV","Alta",2,2,2
"23",1023,"PRIV-MEDIO","1",12,0,2,"medio",10,"sí",3,"MEDIO","PRIV","Alta",1,2,1
"24",1024,"PRIV-MEDIO","1",12,1,2,"medio",4,"no",4,"MEDIO","PRIV","Media",1,1,2
"25",1025,"PRIV-MEDIO","1",12,1,2,"medio",5,"sí",3,"MEDIO","PRIV","Media",1,1,1
"26",1026,"PRIV-MEDIO","1",12,1,1,"medio",5,"no",5,"MEDIO","PRIV","Media",1,1,2
"27",1027,"PRIV-MEDIO","1",13,1,2,"medio",8,"no",3,"MEDIO","PRIV","Alta",1,2,1
"28",1028,"PRIV-MEDIO","1",12,0,1,"medio",8,"no",3,"MEDIO","PRIV","Alta",1,2,1
"29",1029,"PRIV-MEDIO","1",12,0,2,"alto",8,"no",4,"MEDIO","PRIV","Alta",2,2,2
"30",1101,"PRIV-MEDIO","1",12,1,2,"medio",5,"no",3,"MEDIO","PRIV","Media",1,1,1
"31",1102,"PRIV-MEDIO","1",12,0,1,"bajo",7,"no",3,"MEDIO","PRIV","Media",0,1,1
"32",1103,"PRIV-MEDIO","1",12,0,2,"medio",5,"no",5,"MEDIO","PRIV","Media",1,1,2
"33",1104,"PRIV-MEDIO","1",12,1,2,"bajo",8,"no",4,"MEDIO","PRIV","Alta",0,2,2
"34",1105,"PRIV-MEDIO","1",13,1,0,"medio",7,"no",3,"MEDIO","PRIV","Media",1,1,1
"35",1106,"PRIV-MEDIO","1",13,0,1,"medio",7,"no",5,"MEDIO","PRIV","Media",1,1,2
"36",1107,"PRIV-MEDIO","1",12,0,1,"bajo",6,"no",5,"MEDIO","PRIV","Media",0,1,2
"37",1108,"PRIV-MEDIO","1",12,1,2,"alto",9,"no",3,"MEDIO","PRIV","Alta",2,2,1
"38",1109,"PRIV-MEDIO","1",12,1,2,"alto",7,"sí",4,"MEDIO","PRIV","Media",2,1,2
"39",1110,"PRIV-MEDIO","1",12,1,1,"medio",8,"no",3,"MEDIO","PRIV","Alta",1,2,1
"40",1111,"PRIV-MEDIO","1",12,0,3,"medio",4,"no",4,"MEDIO","PRIV","Media",1,1,2
"41",1112,"PRIV-MEDIO","1",12,0,2,"alto",5,"no",3,"MEDIO","PRIV","Media",2,1,1
"42",1113,"PRIV-MEDIO","1",12,0,2,"medio",6,"no",2,"MEDIO","PRIV","Media",1,1,0
"43",1114,"PRIV-MEDIO","1",12,0,3,"bajo",6,"no",4,"MEDIO","PRIV","Media",0,1,2
"44",1115,"PRIV-MEDIO","1",12,0,1,"medio",8,"no",3,"MEDIO","PRIV","Alta",1,2,1
"45",1116,"PRIV-MEDIO","1",14,1,1,"alto",5,"no",3,"MEDIO","PRIV","Media",2,1,1
"46",1117,"PRIV-MEDIO","1",12,1,1,"medio",8,"no",3,"MEDIO","PRIV","Alta",1,2,1
"47",1118,"PRIV-MEDIO","1",13,1,1,"bajo",8,"no",4,"MEDIO","PRIV","Alta",0,2,2
"48",1119,"PRIV-MEDIO","1",12,0,1,"bajo",3,"no",3,"MEDIO","PRIV","Baja",0,0,1
"49",1120,"PRIV-MEDIO","1",13,1,0,"medio",6,"no",4,"MEDIO","PRIV","Media",1,1,2
"50",1121,"PRIV-MEDIO","1",12,1,2,"medio",8,"no",4,"MEDIO","PRIV","Alta",1,2,2
"51",1122,"PRIV-MEDIO","1",12,1,2,"medio",6,"no",2,"MEDIO","PRIV","Media",1,1,0
"52",1123,"PRIV-MEDIO","1",12,0,1,"bajo",5,"no",4,"MEDIO","PRIV","Media",0,1,2
"53",1124,"PRIV-MEDIO","1",13,0,2,"alto",8,"no",3,"MEDIO","PRIV","Alta",2,2,1
"54",1125,"PRIV-MEDIO","1",12,0,2,"medio",5,"no",5,"MEDIO","PRIV","Media",1,1,2
"55",1126,"PRIV-MEDIO","1",12,0,1,"medio",5,"no",4,"MEDIO","PRIV","Media",1,1,2
"56",1127,"PRIV-MEDIO","1",12,0,2,"medio",6,"no",3,"MEDIO","PRIV","Media",1,1,1
"57",1128,"PRIV-MEDIO","1",12,0,1,"medio",8,"no",2,"MEDIO","PRIV","Alta",1,2,0
"58",1129,"PRIV-MEDIO","1",12,1,2,"alto",5,"sí",5,"MEDIO","PRIV","Media",2,1,2
"59",1130,"PRIV-MEDIO","1",12,1,2,"medio",4,"no",3,"MEDIO","PRIV","Media",1,1,1
"60",1131,"PRIV-MEDIO","1",12,1,1,"medio",6,"no",3,"MEDIO","PRIV","Media",1,1,1
"61",1201,"PRIV-MEDIO","2",13,1,0,"alto",7,"no",3,"MEDIO","PRIV","Media",2,1,1
"62",1202,"PRIV-MEDIO","2",13,0,1,"medio",5,"no",5,"MEDIO","PRIV","Media",1,1,2
"63",1203,"PRIV-MEDIO","2",13,1,2,"alto",6,"no",3,"MEDIO","PRIV","Media",2,1,1
"64",1204,"PRIV-MEDIO","2",13,1,2,"alto",8,"no",3,"MEDIO","PRIV","Alta",2,2,1
"65",1205,"PRIV-MEDIO","2",13,0,1,"alto",7,"no",4,"MEDIO","PRIV","Media",2,1,2
"66",1206,"PRIV-MEDIO","2",14,1,2,"alto",9,"no",4,"MEDIO","PRIV","Alta",2,2,2
"67",1207,"PRIV-MEDIO","2",13,0,2,"medio",6,"no",4,"MEDIO","PRIV","Media",1,1,2
"68",1208,"PRIV-MEDIO","2",13,0,2,"medio",7,"sí",4,"MEDIO","PRIV","Media",1,1,2
"69",1209,"PRIV-MEDIO","2",13,1,1,"medio",6,"no",4,"MEDIO","PRIV","Media",1,1,2
"70",1210,"PRIV-MEDIO","2",13,1,2,"medio",8,"no",5,"MEDIO","PRIV","Alta",1,2,2
"71",1211,"PRIV-MEDIO","2",13,0,1,"medio",5,"no",2,"MEDIO","PRIV","Media",1,1,0
"72",1212,"PRIV-MEDIO","2",13,1,1,"bajo",8,"no",4,"MEDIO","PRIV","Alta",0,2,2
"73",1213,"PRIV-MEDIO","2",13,0,0,"medio",7,"sí",3,"MEDIO","PRIV","Media",1,1,1
"74",1214,"PRIV-MEDIO","2",13,0,1,"medio",5,"no",3,"MEDIO","PRIV","Media",1,1,1
"75",1215,"PRIV-MEDIO","2",13,1,2,"alto",6,"no",4,"MEDIO","PRIV","Media",2,1,2
"76",1216,"PRIV-MEDIO","2",14,1,2,"medio",7,"no",2,"MEDIO","PRIV","Media",1,1,0
"77",1217,"PRIV-MEDIO","2",14,1,3,"medio",7,"sí",3,"MEDIO","PRIV","Media",1,1,1
"78",1218,"PRIV-MEDIO","2",13,0,1,"bajo",7,"no",3,"MEDIO","PRIV","Media",0,1,1
"79",1219,"PRIV-MEDIO","2",13,1,2,"medio",5,"sí",4,"MEDIO","PRIV","Media",1,1,2
"80",1220,"PRIV-MEDIO","2",14,1,1,"alto",7,"no",5,"MEDIO","PRIV","Media",2,1,2
"81",1221,"PRIV-MEDIO","2",13,1,2,"alto",5,"no",5,"MEDIO","PRIV","Media",2,1,2
"82",1222,"PRIV-MEDIO","2",13,0,2,"medio",7,"no",3,"MEDIO","PRIV","Media",1,1,1
"83",1223,"PRIV-MEDIO","2",14,0,3,"alto",7,"no",4,"MEDIO","PRIV","Media",2,1,2
"84",1224,"PRIV-MEDIO","2",13,0,2,"alto",8,"no",3,"MEDIO","PRIV","Alta",2,2,1
"85",1225,"PRIV-MEDIO","2",13,1,1,"alto",8,"no",5,"MEDIO","PRIV","Alta",2,2,2
"86",1226,"PRIV-MEDIO","2",13,1,1,"medio",6,"sí",5,"MEDIO","PRIV","Media",1,1,2
"87",1227,"PRIV-MEDIO","2",13,1,2,"bajo",7,"no",3,"MEDIO","PRIV","Media",0,1,1
"88",1301,"PRIV-MEDIO","2",14,0,3,"medio",6,"no",1,"MEDIO","PRIV","Media",1,1,0
"89",1302,"PRIV-MEDIO","2",13,2,0,"alto",9,"no",5,"MEDIO","PRIV","Alta",2,2,2
"90",1303,"PRIV-MEDIO","2",14,1,1,"bajo",6,"no",3,"MEDIO","PRIV","Media",0,1,1
"91",1304,"PRIV-MEDIO","2",14,0,1,"medio",6,"no",5,"MEDIO","PRIV","Media",1,1,2
"92",1305,"PRIV-MEDIO","2",13,0,1,"medio",5,"sí",2,"MEDIO","PRIV","Media",1,1,0
"93",1306,"PRIV-MEDIO","2",14,1,2,"bajo",7,"no",5,"MEDIO","PRIV","Media",0,1,2
"94",1307,"PRIV-MEDIO","2",13,0,1,"medio",6,"no",4,"MEDIO","PRIV","Media",1,1,2
"95",1308,"PRIV-MEDIO","2",13,1,2,"medio",6,"no",3,"MEDIO","PRIV","Media",1,1,1
"96",1309,"PRIV-MEDIO","2",14,1,2,"medio",5,"sí",3,"MEDIO","PRIV","Media",1,1,1
"97",1310,"PRIV-MEDIO","2",14,1,2,"medio",5,"no",2,"MEDIO","PRIV","Media",1,1,0
"98",1311,"PRIV-MEDIO","2",14,0,3,"bajo",3,"no",3,"MEDIO","PRIV","Baja",0,0,1
"99",1312,"PRIV-MEDIO","2",13,2,2,"medio",3,"no",3,"MEDIO","PRIV","Baja",1,0,1
"100",1313,"PRIV-MEDIO","2",14,0,2,"medio",8,"no",2,"MEDIO","PRIV","Alta",1,2,0
"101",1314,"PRIV-MEDIO","2",14,0,2,"medio",7,"no",3,"MEDIO","PRIV","Media",1,1,1
"102",1315,"PRIV-MEDIO","2",13,0,2,"medio",5,"no",3,"MEDIO","PRIV","Media",1,1,1
"103",1316,"PRIV-MEDIO","2",15,1,2,"medio",6,"no",5,"MEDIO","PRIV","Media",1,1,2
"104",1317,"PRIV-MEDIO","2",13,0,2,"medio",3,"no",3,"MEDIO","PRIV","Baja",1,0,1
"105",1318,"PRIV-MEDIO","2",13,1,3,"alto",5,"no",3,"MEDIO","PRIV","Media",2,1,1
"106",1319,"PRIV-MEDIO","2",13,0,2,"alto",7,"no",3,"MEDIO","PRIV","Media",2,1,1
"107",1320,"PRIV-MEDIO","2",13,1,2,"bajo",5,"no",4,"MEDIO","PRIV","Media",0,1,2
"108",1321,"PRIV-MEDIO","2",14,0,1,"medio",6,"no",4,"MEDIO","PRIV","Media",1,1,2
"109",1322,"PRIV-MEDIO","2",13,0,2,"medio",7,"no",3,"MEDIO","PRIV","Media",1,1,1
"110",1323,"PRIV-MEDIO","2",13,1,1,"alto",9,"no",4,"MEDIO","PRIV","Alta",2,2,2
"111",1324,"PRIV-MEDIO","2",14,1,1,"medio",6,"no",4,"MEDIO","PRIV","Media",1,1,2
"112",1325,"PRIV-MEDIO","2",13,1,2,"medio",8,"no",4,"MEDIO","PRIV","Alta",1,2,2
"113",1326,"PRIV-MEDIO","2",13,1,2,"alto",5,"no",3,"MEDIO","PRIV","Media",2,1,1
"114",2001,"PUBL-ALTO","1",13,0,2,"medio",3,"no",2,"ALTO","PUBL","Baja",1,0,0
"115",2002,"PUBL-ALTO","1",13,0,2,"alto",7,"sí",4,"ALTO","PUBL","Media",2,1,2
"116",2003,"PUBL-ALTO","1",12,1,2,"medio",6,"no",3,"ALTO","PUBL","Media",1,1,1
"117",2004,"PUBL-ALTO","1",12,0,3,"medio",7,"no",3,"ALTO","PUBL","Media",1,1,1
"118",2005,"PUBL-ALTO","1",12,0,1,"bajo",7,"no",2,"ALTO","PUBL","Media",0,1,0
"119",2006,"PUBL-ALTO","1",14,1,1,"medio",6,"no",5,"ALTO","PUBL","Media",1,1,2
"120",2007,"PUBL-ALTO","1",12,1,2,"medio",6,"sí",4,"ALTO","PUBL","Media",1,1,2
"121",2008,"PUBL-ALTO","1",13,1,1,"medio",6,"no",5,"ALTO","PUBL","Media",1,1,2
"122",2009,"PUBL-ALTO","1",12,1,1,"alto",8,"no",2,"ALTO","PUBL","Alta",2,2,0
"123",2010,"PUBL-ALTO","1",13,0,0,"medio",5,"sí",2,"ALTO","PUBL","Media",1,1,0
"124",2011,"PUBL-ALTO","1",12,1,2,"medio",5,"no",5,"ALTO","PUBL","Media",1,1,2
"125",2012,"PUBL-ALTO","1",14,0,1,"bajo",8,"no",3,"ALTO","PUBL","Alta",0,2,1
"126",2013,"PUBL-ALTO","1",13,0,2,"alto",8,"no",5,"ALTO","PUBL","Alta",2,2,2
"127",2014,"PUBL-ALTO","1",12,1,1,"bajo",10,"no",5,"ALTO","PUBL","Alta",0,2,2
"128",2015,"PUBL-ALTO","1",13,1,0,"medio",6,"no",4,"ALTO","PUBL","Media",1,1,2
"129",2016,"PUBL-ALTO","1",13,1,1,"bajo",8,"no",3,"ALTO","PUBL","Alta",0,2,1
"130",2017,"PUBL-ALTO","1",13,1,1,"alto",1,"no",3,"ALTO","PUBL","Baja",2,0,1
"131",2018,"PUBL-ALTO","1",12,1,1,"medio",4,"no",2,"ALTO","PUBL","Media",1,1,0
"132",2019,"PUBL-ALTO","1",12,0,2,"bajo",6,"sí",3,"ALTO","PUBL","Media",0,1,1
"133",2020,"PUBL-ALTO","1",13,1,2,"alto",7,"no",5,"ALTO","PUBL","Media",2,1,2
"134",2021,"PUBL-ALTO","1",13,1,2,"bajo",5,"no",3,"ALTO","PUBL","Media",0,1,1
"135",2022,"PUBL-ALTO","1",13,0,3,"medio",6,"no",4,"ALTO","PUBL","Media",1,1,2
"136",2023,"PUBL-ALTO","1",13,0,3,"medio",6,"no",4,"ALTO","PUBL","Media",1,1,2
"137",2301,"PUBL-ALTO","1",13,1,3,"medio",8,"sí",5,"ALTO","PUBL","Alta",1,2,2
"138",2302,"PUBL-ALTO","1",12,1,1,"medio",6,"sí",3,"ALTO","PUBL","Media",1,1,1
"139",2303,"PUBL-ALTO","1",12,1,2,"alto",8,"sí",4,"ALTO","PUBL","Alta",2,2,2
"140",2304,"PUBL-ALTO","1",12,0,2,"medio",6,"no",2,"ALTO","PUBL","Media",1,1,0
"141",2305,"PUBL-ALTO","1",12,0,2,"alto",6,"no",2,"ALTO","PUBL","Media",2,1,0
"142",2306,"PUBL-ALTO","1",12,1,2,"medio",6,"no",4,"ALTO","PUBL","Media",1,1,2
"143",2307,"PUBL-ALTO","1",12,0,3,"medio",5,"no",2,"ALTO","PUBL","Media",1,1,0
"144",2308,"PUBL-ALTO","1",13,1,2,"medio",7,"sí",2,"ALTO","PUBL","Media",1,1,0
"145",2309,"PUBL-ALTO","1",13,0,1,"medio",6,"no",2,"ALTO","PUBL","Media",1,1,0
"146",2310,"PUBL-ALTO","1",13,0,3,"bajo",6,"sí",2,"ALTO","PUBL","Media",0,1,0
"147",2311,"PUBL-ALTO","1",12,0,3,"alto",6,"no",2,"ALTO","PUBL","Media",2,1,0
"148",2312,"PUBL-ALTO","1",12,0,2,"medio",5,"sí",4,"ALTO","PUBL","Media",1,1,2
"149",2313,"PUBL-ALTO","1",12,0,2,"bajo",5,"no",3,"ALTO","PUBL","Media",0,1,1
"150",2314,"PUBL-ALTO","1",12,1,1,"medio",6,"sí",3,"ALTO","PUBL","Media",1,1,1
"151",2315,"PUBL-ALTO","1",12,0,2,"medio",6,"no",3,"ALTO","PUBL","Media",1,1,1
"152",2316,"PUBL-ALTO","1",13,1,2,"alto",9,"no",3,"ALTO","PUBL","Alta",2,2,1
"153",2317,"PUBL-ALTO","1",12,1,3,"medio",3,"no",2,"ALTO","PUBL","Baja",1,0,0
"154",2318,"PUBL-ALTO","1",12,1,2,"medio",7,"no",3,"ALTO","PUBL","Media",1,1,1
"155",2319,"PUBL-ALTO","1",13,0,1,"medio",6,"no",4,"ALTO","PUBL","Media",1,1,2
"156",2320,"PUBL-ALTO","1",13,0,2,"medio",6,"no",4,"ALTO","PUBL","Media",1,1,2
"157",2321,"PUBL-ALTO","1",12,1,2,"alto",6,"no",3,"ALTO","PUBL","Media",2,1,1
"158",2322,"PUBL-ALTO","1",13,0,2,"alto",6,"no",3,"ALTO","PUBL","Media",2,1,1
"159",2323,"PUBL-ALTO","1",13,1,1,"medio",1,"no",2,"ALTO","PUBL","Baja",1,0,0
"160",2324,"PUBL-ALTO","1",12,1,1,"bajo",6,"no",2,"ALTO","PUBL","Media",0,1,0
"161",2325,"PUBL-ALTO","1",13,0,1,"bajo",2,"no",3,"ALTO","PUBL","Baja",0,0,1
"162",2401,"PUBL-ALTO","1",12,0,2,"medio",9,"no",2,"ALTO","PUBL","Alta",1,2,0
"163",2402,"PUBL-ALTO","1",13,0,1,"medio",7,"no",2,"ALTO","PUBL","Media",1,1,0
"164",2403,"PUBL-ALTO","1",13,0,3,"medio",8,"no",3,"ALTO","PUBL","Alta",1,2,1
"165",2404,"PUBL-ALTO","1",12,1,1,"bajo",5,"no",4,"ALTO","PUBL","Media",0,1,2
"166",2405,"PUBL-ALTO","1",13,1,1,"alto",7,"no",3,"ALTO","PUBL","Media",2,1,1
"167",2406,"PUBL-ALTO","1",12,0,1,"bajo",5,"no",3,"ALTO","PUBL","Media",0,1,1
"168",2407,"PUBL-ALTO","1",12,1,1,"medio",7,"no",3,"ALTO","PUBL","Media",1,1,1
"169",2408,"PUBL-ALTO","1",12,1,1,"medio",8,"no",3,"ALTO","PUBL","Alta",1,2,1
"170",2409,"PUBL-ALTO","1",12,1,1,"bajo",8,"no",4,"ALTO","PUBL","Alta",0,2,2
"171",2410,"PUBL-ALTO","1",12,0,3,"medio",7,"no",3,"ALTO","PUBL","Media",1,1,1
"172",2411,"PUBL-ALTO","1",13,1,1,"medio",5,"no",5,"ALTO","PUBL","Media",1,1,2
"173",2413,"PUBL-ALTO","1",13,0,1,"medio",8,"no",4,"ALTO","PUBL","Alta",1,2,2
"174",2414,"PUBL-ALTO","1",12,0,1,"medio",7,"sí",4,"ALTO","PUBL","Media",1,1,2
"175",2415,"PUBL-ALTO","1",12,0,1,"medio",6,"no",4,"ALTO","PUBL","Media",1,1,2
"176",2416,"PUBL-ALTO","1",12,0,2,"medio",8,"no",5,"ALTO","PUBL","Alta",1,2,2
"177",2417,"PUBL-ALTO","1",12,0,3,"medio",5,"no",2,"ALTO","PUBL","Media",1,1,0
"178",2418,"PUBL-ALTO","1",12,1,1,"alto",8,"sí",3,"ALTO","PUBL","Alta",2,2,1
"179",2419,"PUBL-ALTO","1",13,0,2,"bajo",6,"no",2,"ALTO","PUBL","Media",0,1,0
"180",2420,"PUBL-ALTO","1",12,0,3,"alto",8,"no",2,"ALTO","PUBL","Alta",2,2,0
"181",2421,"PUBL-ALTO","1",12,1,2,"medio",6,"no",5,"ALTO","PUBL","Media",1,1,2
"182",2501,"PUBL-ALTO","1",13,0,2,"bajo",7,"no",2,"ALTO","PUBL","Media",0,1,0
"183",2502,"PUBL-ALTO","1",12,1,0,"medio",6,"sí",3,"ALTO","PUBL","Media",1,1,1
"184",2503,"PUBL-ALTO","1",12,0,3,"medio",8,"no",2,"ALTO","PUBL","Alta",1,2,0
"185",2504,"PUBL-ALTO","1",12,1,1,"medio",10,"no",3,"ALTO","PUBL","Alta",1,2,1
"186",2505,"PUBL-ALTO","1",12,1,2,"medio",7,"no",3,"ALTO","PUBL","Media",1,1,1
"187",2506,"PUBL-ALTO","1",13,1,3,"medio",6,"no",2,"ALTO","PUBL","Media",1,1,0
"188",2507,"PUBL-ALTO","1",12,2,2,"medio",7,"no",3,"ALTO","PUBL","Media",1,1,1
"189",2508,"PUBL-ALTO","1",12,0,1,"alto",6,"no",3,"ALTO","PUBL","Media",2,1,1
"190",2509,"PUBL-ALTO","1",13,0,2,"alto",7,"no",3,"ALTO","PUBL","Media",2,1,1
"191",2510,"PUBL-ALTO","1",13,1,1,"bajo",5,"no",5,"ALTO","PUBL","Media",0,1,2
"192",2511,"PUBL-ALTO","1",12,0,1,"medio",7,"sí",3,"ALTO","PUBL","Media",1,1,1
"193",2512,"PUBL-ALTO","1",13,0,1,"bajo",5,"no",5,"ALTO","PUBL","Media",0,1,2
"194",2513,"PUBL-ALTO","1",12,1,1,"medio",5,"no",5,"ALTO","PUBL","Media",1,1,2
"195",2514,"PUBL-ALTO","1",13,1,2,"medio",6,"no",4,"ALTO","PUBL","Media",1,1,2
"196",2515,"PUBL-ALTO","1",12,0,2,"bajo",5,"no",4,"ALTO","PUBL","Media",0,1,2
"197",2516,"PUBL-ALTO","1",13,1,3,"bajo",7,"no",5,"ALTO","PUBL","Media",0,1,2
"198",2517,"PUBL-ALTO","1",13,1,1,"medio",4,"no",3,"ALTO","PUBL","Media",1,1,1
"199",2518,"PUBL-ALTO","1",13,0,2,"alto",6,"no",3,"ALTO","PUBL","Media",2,1,1
"200",2519,"PUBL-ALTO","1",12,0,3,"bajo",5,"no",4,"ALTO","PUBL","Media",0,1,2
"201",2520,"PUBL-ALTO","1",12,0,1,"alto",7,"no",3,"ALTO","PUBL","Media",2,1,1
"202",2521,"PUBL-ALTO","1",13,1,3,"medio",5,"no",3,"ALTO","PUBL","Media",1,1,1
"203",2522,"PUBL-ALTO","1",12,0,2,"medio",2,"sí",2,"ALTO","PUBL","Baja",1,0,0
"204",2601,"PUBL-ALTO","1",12,0,3,"medio",7,"sí",5,"ALTO","PUBL","Media",1,1,2
"205",2602,"PUBL-ALTO","1",12,1,1,"bajo",5,"no",5,"ALTO","PUBL","Media",0,1,2
"206",2605,"PUBL-ALTO","1",13,1,2,"medio",7,"no",5,"ALTO","PUBL","Media",1,1,2
"207",2606,"PUBL-ALTO","1",12,1,1,"medio",6,"no",4,"ALTO","PUBL","Media",1,1,2
"208",2607,"PUBL-ALTO","1",13,0,3,"bajo",8,"no",3,"ALTO","PUBL","Alta",0,2,1
"209",2608,"PUBL-ALTO","1",13,1,2,"alto",6,"no",5,"ALTO","PUBL","Media",2,1,2
"210",2609,"PUBL-ALTO","1",14,1,2,"alto",8,"no",5,"ALTO","PUBL","Alta",2,2,2
"211",2610,"PUBL-ALTO","1",12,1,2,"medio",10,"no",5,"ALTO","PUBL","Alta",1,2,2
"212",2611,"PUBL-ALTO","1",13,1,2,"medio",8,"sí",3,"ALTO","PUBL","Alta",1,2,1
"213",2612,"PUBL-ALTO","1",12,0,2,"medio",9,"no",3,"ALTO","PUBL","Alta",1,2,1
"214",2613,"PUBL-ALTO","1",13,0,2,"medio",5,"no",3,"ALTO","PUBL","Media",1,1,1
"215",2614,"PUBL-ALTO","1",13,1,3,"medio",7,"no",5,"ALTO","PUBL","Media",1,1,2
"216",2615,"PUBL-ALTO","1",13,0,2,"bajo",5,"no",2,"ALTO","PUBL","Media",0,1,0
"217",2616,"PUBL-ALTO","1",12,0,0,"medio",7,"no",2,"ALTO","PUBL","Media",1,1,0
"218",2617,"PUBL-ALTO","1",12,0,2,"alto",9,"no",3,"ALTO","PUBL","Alta",2,2,1
"219",2618,"PUBL-ALTO","1",12,0,3,"medio",5,"sí",3,"ALTO","PUBL","Media",1,1,1
"220",2619,"PUBL-ALTO","1",13,1,2,"medio",10,"no",5,"ALTO","PUBL","Alta",1,2,2
"221",2620,"PUBL-ALTO","1",12,0,2,"bajo",5,"no",3,"ALTO","PUBL","Media",0,1,1
"222",2621,"PUBL-ALTO","1",13,1,3,"alto",7,"no",3,"ALTO","PUBL","Media",2,1,1
"223",2622,"PUBL-ALTO","1",13,1,2,"medio",7,"no",4,"ALTO","PUBL","Media",1,1,2
"224",2623,"PUBL-ALTO","1",13,1,2,"alto",7,"no",5,"ALTO","PUBL","Media",2,1,2
"225",2624,"PUBL-ALTO","1",12,0,1,"medio",5,"no",3,"ALTO","PUBL","Media",1,1,1
"226",2625,"PUBL-ALTO","1",12,0,2,"bajo",4,"sí",2,"ALTO","PUBL","Media",0,1,0
"227",2626,"PUBL-ALTO","1",13,1,1,"medio",7,"no",3,"ALTO","PUBL","Media",1,1,1
"228",2701,"PUBL-ALTO","2",13,1,0,"medio",6,"no",3,"ALTO","PUBL","Media",1,1,1
"229",2702,"PUBL-ALTO","2",15,0,1,"bajo",6,"no",2,"ALTO","PUBL","Media",0,1,0
"230",2703,"PUBL-ALTO","2",15,1,1,"alto",6,"no",5,"ALTO","PUBL","Media",2,1,2
"231",2704,"PUBL-ALTO","2",13,1,1,"medio",10,"no",5,"ALTO","PUBL","Alta",1,2,2
"232",2705,"PUBL-ALTO","2",14,1,1,"medio",5,"no",1,"ALTO","PUBL","Media",1,1,0
"233",2706,"PUBL-ALTO","2",13,1,2,"medio",7,"no",2,"ALTO","PUBL","Media",1,1,0
"234",2707,"PUBL-ALTO","2",13,0,1,"medio",6,"no",3,"ALTO","PUBL","Media",1,1,1
"235",2708,"PUBL-ALTO","2",14,0,2,"bajo",5,"no",3,"ALTO","PUBL","Media",0,1,1
"236",2709,"PUBL-ALTO","2",14,0,0,"medio",7,"no",4,"ALTO","PUBL","Media",1,1,2
"237",2710,"PUBL-ALTO","2",14,0,0,"medio",7,"no",2,"ALTO","PUBL","Media",1,1,0
"238",2711,"PUBL-ALTO","2",13,0,2,"medio",5,"no",3,"ALTO","PUBL","Media",1,1,1
"239",2712,"PUBL-ALTO","2",13,0,2,"medio",6,"no",3,"ALTO","PUBL","Media",1,1,1
"240",2713,"PUBL-ALTO","2",14,0,2,"medio",7,"no",3,"ALTO","PUBL","Media",1,1,1
"241",2714,"PUBL-ALTO","2",13,0,2,"medio",5,"no",2,"ALTO","PUBL","Media",1,1,0
"242",2715,"PUBL-ALTO","2",14,0,2,"alto",6,"no",4,"ALTO","PUBL","Media",2,1,2
"243",2716,"PUBL-ALTO","2",13,1,2,"bajo",6,"no",3,"ALTO","PUBL","Media",0,1,1
"244",2717,"PUBL-ALTO","2",13,1,2,"medio",7,"sí",5,"ALTO","PUBL","Media",1,1,2
"245",2718,"PUBL-ALTO","2",14,0,2,"medio",4,"no",2,"ALTO","PUBL","Media",1,1,0
"246",2719,"PUBL-ALTO","2",13,0,2,"bajo",5,"no",4,"ALTO","PUBL","Media",0,1,2
"247",2720,"PUBL-ALTO","2",13,1,1,"medio",7,"no",4,"ALTO","PUBL","Media",1,1,2
"248",2721,"PUBL-ALTO","2",13,0,1,"medio",7,"sí",5,"ALTO","PUBL","Media",1,1,2
"249",2722,"PUBL-ALTO","2",13,1,1,"alto",8,"no",5,"ALTO","PUBL","Alta",2,2,2
"250",2801,"PUBL-ALTO","2",13,0,2,"bajo",4,"no",3,"ALTO","PUBL","Media",0,1,1
"251",2802,"PUBL-ALTO","2",14,1,2,"bajo",5,"no",3,"ALTO","PUBL","Media",0,1,1
"252",2803,"PUBL-ALTO","2",14,0,3,"bajo",3,"no",3,"ALTO","PUBL","Baja",0,0,1
"253",2804,"PUBL-ALTO","2",14,0,1,"medio",7,"no",3,"ALTO","PUBL","Media",1,1,1
"254",2805,"PUBL-ALTO","2",14,1,2,"alto",8,"no",3,"ALTO","PUBL","Alta",2,2,1
"255",2806,"PUBL-ALTO","2",13,0,1,"bajo",5,"no",4,"ALTO","PUBL","Media",0,1,2
"256",2807,"PUBL-ALTO","2",14,1,1,"medio",5,"no",2,"ALTO","PUBL","Media",1,1,0
"257",2808,"PUBL-ALTO","2",13,0,3,"medio",7,"no",2,"ALTO","PUBL","Media",1,1,0
"258",2809,"PUBL-ALTO","2",13,1,3,"medio",8,"no",3,"ALTO","PUBL","Alta",1,2,1
"259",2810,"PUBL-ALTO","2",15,1,3,"medio",3,"no",2,"ALTO","PUBL","Baja",1,0,0
"260",2811,"PUBL-ALTO","2",13,0,1,"medio",5,"no",1,"ALTO","PUBL","Media",1,1,0
"261",2812,"PUBL-ALTO","2",13,1,1,"bajo",5,"no",3,"ALTO","PUBL","Media",0,1,1
"262",2813,"PUBL-ALTO","2",13,0,1,"medio",6,"no",3,"ALTO","PUBL","Media",1,1,1
"263",2814,"PUBL-ALTO","2",13,0,2,"medio",8,"no",2,"ALTO","PUBL","Alta",1,2,0
"264",2815,"PUBL-ALTO","2",13,0,1,"medio",4,"sí",3,"ALTO","PUBL","Media",1,1,1
"265",2816,"PUBL-ALTO","2",13,0,3,"medio",2,"no",4,"ALTO","PUBL","Baja",1,0,2
"266",2817,"PUBL-ALTO","2",13,1,1,"medio",5,"no",4,"ALTO","PUBL","Media",1,1,2
"267",2818,"PUBL-ALTO","2",13,0,3,"bajo",5,"no",2,"ALTO","PUBL","Media",0,1,0
"268",2819,"PUBL-ALTO","2",14,0,1,"bajo",5,"no",2,"ALTO","PUBL","Media",0,1,0
"269",2820,"PUBL-ALTO","2",14,1,1,"medio",5,"no",5,"ALTO","PUBL","Media",1,1,2
"270",2821,"PUBL-ALTO","2",13,1,1,"bajo",5,"no",4,"ALTO","PUBL","Media",0,1,2
"271",2822,"PUBL-ALTO","2",14,1,1,"medio",10,"no",5,"ALTO","PUBL","Alta",1,2,2
"272",2823,"PUBL-ALTO","2",13,1,1,"medio",8,"no",5,"ALTO","PUBL","Alta",1,2,2
"273",2824,"PUBL-ALTO","2",13,0,2,"bajo",1,"no",4,"ALTO","PUBL","Baja",0,0,2
"274",2825,"PUBL-ALTO","2",14,1,2,"medio",4,"no",5,"ALTO","PUBL","Media",1,1,2
"275",2851,"PUBL-ALTO","2",13,1,2,"medio",9,"no",4,"ALTO","PUBL","Alta",1,2,2
"276",2852,"PUBL-ALTO","2",13,0,1,"medio",6,"sí",3,"ALTO","PUBL","Media",1,1,1
"277",2853,"PUBL-ALTO","2",13,1,2,"bajo",6,"no",4,"ALTO","PUBL","Media",0,1,2
"278",2854,"PUBL-ALTO","2",13,0,3,"alto",7,"no",5,"ALTO","PUBL","Media",2,1,2
"279",2855,"PUBL-ALTO","2",13,0,3,"medio",6,"no",2,"ALTO","PUBL","Media",1,1,0
"280",2856,"PUBL-ALTO","2",13,0,2,"medio",5,"no",3,"ALTO","PUBL","Media",1,1,1
"281",2857,"PUBL-ALTO","2",13,1,2,"medio",3,"no",2,"ALTO","PUBL","Baja",1,0,0
"282",2858,"PUBL-ALTO","2",13,1,2,"alto",7,"sí",5,"ALTO","PUBL","Media",2,1,2
"283",2859,"PUBL-ALTO","2",13,0,1,"medio",8,"no",2,"ALTO","PUBL","Alta",1,2,0
"284",2860,"PUBL-ALTO","2",13,0,1,"medio",6,"no",1,"ALTO","PUBL","Media",1,1,0
"285",2861,"PUBL-ALTO","2",14,0,0,"alto",8,"no",3,"ALTO","PUBL","Alta",2,2,1
"286",2862,"PUBL-ALTO","2",13,1,1,"medio",8,"sí",3,"ALTO","PUBL","Alta",1,2,1
"287",2863,"PUBL-ALTO","2",13,0,2,"alto",6,"no",1,"ALTO","PUBL","Media",2,1,0
"288",2864,"PUBL-ALTO","2",13,0,2,"medio",5,"no",3,"ALTO","PUBL","Media",1,1,1
"289",2865,"PUBL-ALTO","2",13,1,2,"medio",6,"sí",3,"ALTO","PUBL","Media",1,1,1
"290",2866,"PUBL-ALTO","2",13,1,2,"medio",8,"no",3,"ALTO","PUBL","Alta",1,2,1
"291",2867,"PUBL-ALTO","2",13,1,2,"medio",8,"no",4,"ALTO","PUBL","Alta",1,2,2
"292",2868,"PUBL-ALTO","2",13,1,2,"medio",7,"no",4,"ALTO","PUBL","Media",1,1,2
"293",2869,"PUBL-ALTO","2",14,0,2,"bajo",5,"no",3,"ALTO","PUBL","Media",0,1,1
"294",2870,"PUBL-ALTO","2",13,1,2,"medio",7,"sí",2,"ALTO","PUBL","Media",1,1,0
"295",2871,"PUBL-ALTO","2",14,0,1,"medio",7,"no",2,"ALTO","PUBL","Media",1,1,0
"296",2872,"PUBL-ALTO","2",14,0,2,"medio",8,"no",3,"ALTO","PUBL","Alta",1,2,1
"297",2873,"PUBL-ALTO","2",13,0,2,"medio",6,"no",2,"ALTO","PUBL","Media",1,1,0
"298",2874,"PUBL-ALTO","2",13,0,1,"bajo",8,"no",3,"ALTO","PUBL","Alta",0,2,1
"299",2875,"PUBL-ALTO","2",13,0,1,"medio",5,"sí",3,"ALTO","PUBL","Media",1,1,1
"300",2876,"PUBL-ALTO","2",13,1,2,"medio",6,"no",4,"ALTO","PUBL","Media",1,1,2
"301",2877,"PUBL-ALTO","2",14,1,3,"bajo",5,"no",3,"ALTO","PUBL","Media",0,1,1
"302",2878,"PUBL-ALTO","2",15,1,2,"medio",6,"no",3,"ALTO","PUBL","Media",1,1,1
"303",2901,"PUBL-ALTO","2",15,0,2,"medio",10,"no",3,"ALTO","PUBL","Alta",1,2,1
"304",2903,"PUBL-ALTO","2",14,1,1,"medio",9,"no",4,"ALTO","PUBL","Alta",1,2,2
"305",2904,"PUBL-ALTO","2",13,0,1,"bajo",7,"no",3,"ALTO","PUBL","Media",0,1,1
"306",2905,"PUBL-ALTO","2",13,1,2,"medio",9,"no",3,"ALTO","PUBL","Alta",1,2,1
"307",2906,"PUBL-ALTO","2",14,1,2,"bajo",4,"no",1,"ALTO","PUBL","Media",0,1,0
"308",2907,"PUBL-ALTO","2",14,0,3,"bajo",4,"no",2,"ALTO","PUBL","Media",0,1,0
"309",2908,"PUBL-ALTO","2",14,0,1,"medio",8,"no",3,"ALTO","PUBL","Alta",1,2,1
"310",2909,"PUBL-ALTO","2",13,0,2,"bajo",8,"no",3,"ALTO","PUBL","Alta",0,2,1
"311",2910,"PUBL-ALTO","2",13,1,1,"medio",6,"no",4,"ALTO","PUBL","Media",1,1,2
"312",2911,"PUBL-ALTO","2",13,1,3,"medio",7,"no",3,"ALTO","PUBL","Media",1,1,1
"313",2912,"PUBL-ALTO","2",13,1,1,"medio",7,"sí",4,"ALTO","PUBL","Media",1,1,2
"314",2913,"PUBL-ALTO","2",14,0,1,"bajo",5,"no",2,"ALTO","PUBL","Media",0,1,0
"315",2914,"PUBL-ALTO","2",14,0,3,"medio",9,"no",3,"ALTO","PUBL","Alta",1,2,1
"316",2915,"PUBL-ALTO","2",13,0,3,"bajo",6,"no",3,"ALTO","PUBL","Media",0,1,1
"317",2916,"PUBL-ALTO","2",15,0,1,"medio",7,"no",2,"ALTO","PUBL","Media",1,1,0
"318",2917,"PUBL-ALTO","2",14,0,1,"alto",6,"no",3,"ALTO","PUBL","Media",2,1,1
"319",2918,"PUBL-ALTO","2",12,0,1,"bajo",6,"sí",3,"ALTO","PUBL","Media",0,1,1
"320",2919,"PUBL-ALTO","2",13,0,1,"alto",7,"no",5,"ALTO","PUBL","Media",2,1,2
"321",2920,"PUBL-ALTO","2",14,1,1,"bajo",4,"sí",5,"ALTO","PUBL","Media",0,1,2
"322",2921,"PUBL-ALTO","2",13,0,2,"medio",5,"no",4,"ALTO","PUBL","Media",1,1,2
"323",2922,"PUBL-ALTO","2",14,0,2,"alto",5,"no",3,"ALTO","PUBL","Media",2,1,1
"324",2923,"PUBL-ALTO","2",14,0,2,"medio",9,"sí",2,"ALTO","PUBL","Alta",1,2,0
"325",2924,"PUBL-ALTO","2",13,1,1,"medio",5,"no",5,"ALTO","PUBL","Media",1,1,2
"326",2925,"PUBL-ALTO","2",13,1,2,"alto",6,"no",3,"ALTO","PUBL","Media",2,1,1
"327",2926,"PUBL-ALTO","2",13,0,2,"medio",5,"no",2,"ALTO","PUBL","Media",1,1,0
"328",2927,"PUBL-ALTO","2",15,1,1,"medio",9,"no",3,"ALTO","PUBL","Alta",1,2,1
"329",2928,"PUBL-ALTO","2",13,0,3,"bajo",5,"no",2,"ALTO","PUBL","Media",0,1,0
"330",2929,"PUBL-ALTO","2",14,0,2,"medio",6,"no",3,"ALTO","PUBL","Media",1,1,1
"331",2930,"PUBL-ALTO","2",13,1,1,"bajo",6,"sí",4,"ALTO","PUBL","Media",0,1,2
"332",2951,"PUBL-ALTO","2",13,0,1,"bajo",5,"no",1,"ALTO","PUBL","Media",0,1,0
"333",2952,"PUBL-ALTO","2",13,0,2,"medio",6,"no",4,"ALTO","PUBL","Media",1,1,2
"334",2953,"PUBL-ALTO","2",13,1,0,"bajo",7,"no",3,"ALTO","PUBL","Media",0,1,1
"335",2954,"PUBL-ALTO","2",13,1,1,"medio",6,"no",4,"ALTO","PUBL","Media",1,1,2
"336",2955,"PUBL-ALTO","2",14,1,3,"medio",7,"no",4,"ALTO","PUBL","Media",1,1,2
"337",2956,"PUBL-ALTO","2",14,1,3,"alto",7,"sí",4,"ALTO","PUBL","Media",2,1,2
"338",2957,"PUBL-ALTO","2",14,1,1,"bajo",7,"no",3,"ALTO","PUBL","Media",0,1,1
"339",2958,"PUBL-ALTO","2",13,1,2,"medio",7,"no",3,"ALTO","PUBL","Media",1,1,1
"340",2959,"PUBL-ALTO","2",13,1,2,"bajo",5,"sí",3,"ALTO","PUBL","Media",0,1,1
"341",2960,"PUBL-ALTO","2",13,1,1,"medio",5,"no",3,"ALTO","PUBL","Media",1,1,1
"342",2961,"PUBL-ALTO","2",15,0,3,"medio",6,"no",4,"ALTO","PUBL","Media",1,1,2
"343",2962,"PUBL-ALTO","2",13,0,1,"alto",6,"no",2,"ALTO","PUBL","Media",2,1,0
"344",2963,"PUBL-ALTO","2",14,0,0,"medio",7,"no",3,"ALTO","PUBL","Media",1,1,1
"345",2964,"PUBL-ALTO","2",13,1,1,"bajo",2,"sí",2,"ALTO","PUBL","Baja",0,0,0
"346",2965,"PUBL-ALTO","2",14,0,1,"medio",6,"no",3,"ALTO","PUBL","Media",1,1,1
"347",2966,"PUBL-ALTO","2",13,0,3,"medio",5,"no",3,"ALTO","PUBL","Media",1,1,1
"348",2967,"PUBL-ALTO","2",13,0,1,"medio",7,"no",3,"ALTO","PUBL","Media",1,1,1
"349",2968,"PUBL-ALTO","2",13,1,2,"medio",7,"no",4,"ALTO","PUBL","Media",1,1,2
"350",2969,"PUBL-ALTO","2",14,1,1,"bajo",6,"no",3,"ALTO","PUBL","Media",0,1,1
"351",2970,"PUBL-ALTO","2",14,1,2,"bajo",7,"no",3,"ALTO","PUBL","Media",0,1,1
"352",2971,"PUBL-ALTO","2",15,0,3,"medio",8,"no",5,"ALTO","PUBL","Alta",1,2,2
"353",2972,"PUBL-ALTO","2",14,1,1,"medio",7,"no",3,"ALTO","PUBL","Media",1,1,1
"354",2973,"PUBL-ALTO","2",14,0,2,"alto",6,"sí",4,"ALTO","PUBL","Media",2,1,2
"355",2974,"PUBL-ALTO","2",15,1,2,"medio",9,"no",5,"ALTO","PUBL","Alta",1,2,2
"356",2975,"PUBL-ALTO","2",14,1,1,"medio",8,"no",2,"ALTO","PUBL","Alta",1,2,0
"357",2976,"PUBL-ALTO","2",13,0,2,"alto",7,"no",4,"ALTO","PUBL","Media",2,1,2
"358",2977,"PUBL-ALTO","2",14,0,2,"alto",8,"no",4,"ALTO","PUBL","Alta",2,2,2
"359",2978,"PUBL-ALTO","2",14,0,3,"medio",5,"no",3,"ALTO","PUBL","Media",1,1,1
"360",3001,"PUBL-BAJO","1",13,1,1,"alto",8,"no",1,"BAJO","PUBL","Alta",2,2,0
"361",3002,"PUBL-BAJO","1",13,1,2,"medio",7,"no",5,"BAJO","PUBL","Media",1,1,2
"362",3003,"PUBL-BAJO","1",12,0,0,"bajo",1,"no",3,"BAJO","PUBL","Baja",0,0,1
"363",3004,"PUBL-BAJO","1",12,1,1,"bajo",10,"no",5,"BAJO","PUBL","Alta",0,2,2
"364",3005,"PUBL-BAJO","1",13,1,3,"medio",8,"no",4,"BAJO","PUBL","Alta",1,2,2
"365",3006,"PUBL-BAJO","1",13,1,3,"bajo",5,"no",5,"BAJO","PUBL","Media",0,1,2
"366",3007,"PUBL-BAJO","1",12,1,1,"bajo",6,"no",5,"BAJO","PUBL","Media",0,1,2
"367",3008,"PUBL-BAJO","1",13,0,1,"bajo",3,"no",4,"BAJO","PUBL","Baja",0,0,2
"368",3009,"PUBL-BAJO","1",12,0,1,"alto",5,"no",3,"BAJO","PUBL","Media",2,1,1
"369",3010,"PUBL-BAJO","1",13,1,3,"alto",4,"no",3,"BAJO","PUBL","Media",2,1,1
"370",3011,"PUBL-BAJO","1",12,1,3,"medio",7,"no",3,"BAJO","PUBL","Media",1,1,1
"371",3012,"PUBL-BAJO","1",12,0,1,"medio",7,"no",2,"BAJO","PUBL","Media",1,1,0
"372",3013,"PUBL-BAJO","1",13,0,2,"medio",7,"no",5,"BAJO","PUBL","Media",1,1,2
"373",3014,"PUBL-BAJO","1",12,1,3,"medio",10,"no",4,"BAJO","PUBL","Alta",1,2,2
"374",3015,"PUBL-BAJO","1",12,1,1,"medio",5,"sí",5,"BAJO","PUBL","Media",1,1,2
"375",3016,"PUBL-BAJO","1",12,2,2,"alto",8,"no",4,"BAJO","PUBL","Alta",2,2,2
"376",3017,"PUBL-BAJO","1",13,1,2,"bajo",6,"sí",3,"BAJO","PUBL","Media",0,1,1
"377",3051,"PUBL-BAJO","1",13,0,0,"medio",9,"no",3,"BAJO","PUBL","Alta",1,2,1
"378",3052,"PUBL-BAJO","1",12,1,1,"medio",10,"no",5,"BAJO","PUBL","Alta",1,2,2
"379",3053,"PUBL-BAJO","1",13,1,1,"bajo",5,"no",3,"BAJO","PUBL","Media",0,1,1
"380",3054,"PUBL-BAJO","1",12,1,2,"bajo",4,"no",5,"BAJO","PUBL","Media",0,1,2
"381",3055,"PUBL-BAJO","1",12,1,2,"alto",7,"no",4,"BAJO","PUBL","Media",2,1,2
"382",3056,"PUBL-BAJO","1",14,0,1,"bajo",5,"no",2,"BAJO","PUBL","Media",0,1,0
"383",3057,"PUBL-BAJO","1",13,1,1,"bajo",5,"no",5,"BAJO","PUBL","Media",0,1,2
"384",3058,"PUBL-BAJO","1",13,0,1,"medio",5,"no",3,"BAJO","PUBL","Media",1,1,1
"385",3059,"PUBL-BAJO","1",13,1,0,"bajo",5,"no",3,"BAJO","PUBL","Media",0,1,1
"386",3060,"PUBL-BAJO","1",13,0,1,"bajo",5,"no",3,"BAJO","PUBL","Media",0,1,1
"387",3061,"PUBL-BAJO","1",13,0,1,"medio",1,"no",2,"BAJO","PUBL","Baja",1,0,0
"388",3062,"PUBL-BAJO","1",12,0,1,"bajo",9,"no",2,"BAJO","PUBL","Alta",0,2,0
"389",3063,"PUBL-BAJO","1",12,1,0,"bajo",9,"sí",4,"BAJO","PUBL","Alta",0,2,2
"390",3064,"PUBL-BAJO","1",13,0,1,"medio",8,"no",5,"BAJO","PUBL","Alta",1,2,2
"391",3065,"PUBL-BAJO","1",12,1,1,"medio",6,"no",5,"BAJO","PUBL","Media",1,1,2
"392",3066,"PUBL-BAJO","1",12,1,1,"bajo",5,"sí",4,"BAJO","PUBL","Media",0,1,2
"393",3067,"PUBL-BAJO","1",13,1,0,"medio",10,"no",5,"BAJO","PUBL","Alta",1,2,2
"394",3068,"PUBL-BAJO","1",12,0,2,"bajo",8,"sí",3,"BAJO","PUBL","Alta",0,2,1
"395",3069,"PUBL-BAJO","1",12,0,1,"bajo",8,"no",3,"BAJO","PUBL","Alta",0,2,1
"396",3070,"PUBL-BAJO","1",13,1,1,"medio",7,"sí",4,"BAJO","PUBL","Media",1,1,2
"397",3101,"PUBL-BAJO","1",13,1,1,"bajo",8,"no",5,"BAJO","PUBL","Alta",0,2,2
"398",3102,"PUBL-BAJO","1",13,1,3,"medio",5,"no",4,"BAJO","PUBL","Media",1,1,2
"399",3103,"PUBL-BAJO","1",12,0,3,"bajo",5,"no",3,"BAJO","PUBL","Media",0,1,1
"400",3104,"PUBL-BAJO","1",12,0,1,"medio",7,"no",4,"BAJO","PUBL","Media",1,1,2
"401",3105,"PUBL-BAJO","1",12,1,1,"alto",6,"sí",3,"BAJO","PUBL","Media",2,1,1
"402",3106,"PUBL-BAJO","1",12,0,1,"medio",7,"no",3,"BAJO","PUBL","Media",1,1,1
"403",3107,"PUBL-BAJO","1",12,0,1,"medio",6,"sí",3,"BAJO","PUBL","Media",1,1,1
"404",3108,"PUBL-BAJO","1",13,1,1,"alto",5,"no",5,"BAJO","PUBL","Media",2,1,2
"405",3109,"PUBL-BAJO","1",12,0,1,"bajo",2,"no",3,"BAJO","PUBL","Baja",0,0,1
"406",3110,"PUBL-BAJO","1",12,0,1,"medio",5,"no",3,"BAJO","PUBL","Media",1,1,1
"407",3111,"PUBL-BAJO","1",13,0,2,"medio",8,"no",2,"BAJO","PUBL","Alta",1,2,0
"408",3112,"PUBL-BAJO","1",12,0,1,"bajo",5,"no",1,"BAJO","PUBL","Media",0,1,0
"409",3113,"PUBL-BAJO","1",12,0,0,"medio",8,"no",3,"BAJO","PUBL","Alta",1,2,1
"410",3114,"PUBL-BAJO","1",13,0,1,"medio",7,"no",3,"BAJO","PUBL","Media",1,1,1
"411",3115,"PUBL-BAJO","1",13,1,3,"medio",8,"no",5,"BAJO","PUBL","Alta",1,2,2
"412",3116,"PUBL-BAJO","1",12,1,2,"medio",7,"no",4,"BAJO","PUBL","Media",1,1,2
"413",3117,"PUBL-BAJO","1",12,1,1,"bajo",7,"no",3,"BAJO","PUBL","Media",0,1,1
"414",3118,"PUBL-BAJO","1",14,0,1,"alto",8,"no",3,"BAJO","PUBL","Alta",2,2,1
"415",3119,"PUBL-BAJO","1",12,1,2,"alto",8,"no",5,"BAJO","PUBL","Alta",2,2,2
"416",3151,"PUBL-BAJO","1",13,1,1,"medio",5,"no",5,"BAJO","PUBL","Media",1,1,2
"417",3152,"PUBL-BAJO","1",12,1,1,"medio",7,"no",4,"BAJO","PUBL","Media",1,1,2
"418",3153,"PUBL-BAJO","1",12,1,3,"medio",8,"no",2,"BAJO","PUBL","Alta",1,2,0
"419",3154,"PUBL-BAJO","1",12,0,3,"bajo",7,"no",3,"BAJO","PUBL","Media",0,1,1
"420",3155,"PUBL-BAJO","1",13,0,3,"medio",7,"no",3,"BAJO","PUBL","Media",1,1,1
"421",3156,"PUBL-BAJO","1",14,1,1,"alto",6,"no",5,"BAJO","PUBL","Media",2,1,2
"422",3157,"PUBL-BAJO","1",13,1,1,"medio",6,"sí",5,"BAJO","PUBL","Media",1,1,2
"423",3158,"PUBL-BAJO","1",12,1,1,"medio",8,"no",3,"BAJO","PUBL","Alta",1,2,1
"424",3159,"PUBL-BAJO","1",14,1,3,"medio",5,"no",4,"BAJO","PUBL","Media",1,1,2
"425",3160,"PUBL-BAJO","1",12,1,1,"bajo",6,"no",5,"BAJO","PUBL","Media",0,1,2
"426",3161,"PUBL-BAJO","1",12,0,1,"bajo",8,"no",4,"BAJO","PUBL","Alta",0,2,2
"427",3162,"PUBL-BAJO","1",12,0,1,"medio",8,"sí",4,"BAJO","PUBL","Alta",1,2,2
"428",3163,"PUBL-BAJO","1",12,1,0,"medio",5,"no",3,"BAJO","PUBL","Media",1,1,1
"429",3201,"PUBL-BAJO","1",12,1,1,"bajo",5,"no",2,"BAJO","PUBL","Media",0,1,0
"430",3202,"PUBL-BAJO","1",12,0,2,"medio",6,"no",5,"BAJO","PUBL","Media",1,1,2
"431",3203,"PUBL-BAJO","1",12,0,3,"bajo",7,"sí",3,"BAJO","PUBL","Media",0,1,1
"432",3205,"PUBL-BAJO","1",13,1,1,"bajo",5,"no",5,"BAJO","PUBL","Media",0,1,2
"433",3206,"PUBL-BAJO","1",13,0,3,"bajo",9,"no",3,"BAJO","PUBL","Alta",0,2,1
"434",3207,"PUBL-BAJO","1",13,0,1,"bajo",9,"no",4,"BAJO","PUBL","Alta",0,2,2
"435",3208,"PUBL-BAJO","1",13,1,1,"medio",7,"no",3,"BAJO","PUBL","Media",1,1,1
"436",3210,"PUBL-BAJO","1",13,1,1,"medio",8,"no",3,"BAJO","PUBL","Alta",1,2,1
"437",3211,"PUBL-BAJO","1",13,0,1,"bajo",5,"no",3,"BAJO","PUBL","Media",0,1,1
"438",3212,"PUBL-BAJO","1",13,1,1,"medio",5,"sí",5,"BAJO","PUBL","Media",1,1,2
"439",3214,"PUBL-BAJO","1",14,1,1,"medio",5,"no",3,"BAJO","PUBL","Media",1,1,1
"440",3215,"PUBL-BAJO","1",13,0,3,"bajo",5,"sí",4,"BAJO","PUBL","Media",0,1,2
"441",3216,"PUBL-BAJO","1",14,0,3,"medio",8,"sí",5,"BAJO","PUBL","Alta",1,2,2
"442",3217,"PUBL-BAJO","1",14,0,3,"alto",6,"no",3,"BAJO","PUBL","Media",2,1,1
"443",3251,"PUBL-BAJO","1",12,1,3,"bajo",5,"no",3,"BAJO","PUBL","Media",0,1,1
"444",3252,"PUBL-BAJO","1",14,0,1,"bajo",6,"no",5,"BAJO","PUBL","Media",0,1,2
"445",3254,"PUBL-BAJO","1",12,0,0,"bajo",5,"sí",3,"BAJO","PUBL","Media",0,1,1
"446",3255,"PUBL-BAJO","1",12,1,1,"medio",8,"no",3,"BAJO","PUBL","Alta",1,2,1
"447",3256,"PUBL-BAJO","1",12,1,2,"bajo",8,"no",3,"BAJO","PUBL","Alta",0,2,1
"448",3257,"PUBL-BAJO","1",12,0,2,"bajo",6,"no",3,"BAJO","PUBL","Media",0,1,1
"449",3258,"PUBL-BAJO","1",13,0,1,"bajo",6,"no",5,"BAJO","PUBL","Media",0,1,2
"450",3259,"PUBL-BAJO","1",12,1,1,"bajo",6,"no",4,"BAJO","PUBL","Media",0,1,2
"451",3260,"PUBL-BAJO","1",12,0,1,"bajo",6,"sí",5,"BAJO","PUBL","Media",0,1,2
"452",3261,"PUBL-BAJO","1",13,1,3,"medio",8,"no",4,"BAJO","PUBL","Alta",1,2,2
"453",3262,"PUBL-BAJO","1",12,1,1,"medio",5,"no",2,"BAJO","PUBL","Media",1,1,0
"454",3301,"PUBL-BAJO","1",13,1,3,"medio",5,"no",3,"BAJO","PUBL","Media",1,1,1
"455",3302,"PUBL-BAJO","1",13,0,0,"medio",4,"no",3,"BAJO","PUBL","Media",1,1,1
"456",3303,"PUBL-BAJO","1",12,1,1,"bajo",6,"no",2,"BAJO","PUBL","Media",0,1,0
"457",3304,"PUBL-BAJO","1",12,0,1,"bajo",5,"no",3,"BAJO","PUBL","Media",0,1,1
"458",3305,"PUBL-BAJO","1",13,1,1,"bajo",6,"no",1,"BAJO","PUBL","Media",0,1,0
"459",3306,"PUBL-BAJO","1",13,1,1,"bajo",5,"no",5,"BAJO","PUBL","Media",0,1,2
"460",3307,"PUBL-BAJO","1",14,1,1,"medio",6,"no",2,"BAJO","PUBL","Media",1,1,0
"461",3309,"PUBL-BAJO","1",12,1,1,"alto",5,"no",4,"BAJO","PUBL","Media",2,1,2
"462",3310,"PUBL-BAJO","1",13,1,1,"medio",7,"no",3,"BAJO","PUBL","Media",1,1,1
"463",3311,"PUBL-BAJO","1",13,0,3,"medio",7,"sí",4,"BAJO","PUBL","Media",1,1,2
"464",3312,"PUBL-BAJO","1",12,0,3,"bajo",7,"no",3,"BAJO","PUBL","Media",0,1,1
"465",3313,"PUBL-BAJO","1",13,0,1,"bajo",5,"no",3,"BAJO","PUBL","Media",0,1,1
"466",3314,"PUBL-BAJO","1",13,1,1,"bajo",6,"no",5,"BAJO","PUBL","Media",0,1,2
"467",3315,"PUBL-BAJO","1",12,0,1,"bajo",8,"sí",4,"BAJO","PUBL","Alta",0,2,2
"468",3351,"PUBL-BAJO","2",15,1,3,"medio",5,"no",3,"BAJO","PUBL","Media",1,1,1
"469",3352,"PUBL-BAJO","2",14,0,0,"alto",6,"no",4,"BAJO","PUBL","Media",2,1,2
"470",3353,"PUBL-BAJO","2",14,1,3,"medio",5,"no",3,"BAJO","PUBL","Media",1,1,1
"471",3354,"PUBL-BAJO","2",13,1,2,"bajo",8,"sí",3,"BAJO","PUBL","Alta",0,2,1
"472",3355,"PUBL-BAJO","2",14,0,2,"medio",4,"no",3,"BAJO","PUBL","Media",1,1,1
"473",3356,"PUBL-BAJO","2",13,0,1,"medio",5,"no",3,"BAJO","PUBL","Media",1,1,1
"474",3357,"PUBL-BAJO","2",13,0,1,"medio",5,"sí",3,"BAJO","PUBL","Media",1,1,1
"475",3358,"PUBL-BAJO","2",14,1,1,"bajo",6,"no",2,"BAJO","PUBL","Media",0,1,0
"476",3359,"PUBL-BAJO","2",13,0,1,"bajo",5,"no",2,"BAJO","PUBL","Media",0,1,0
"477",3360,"PUBL-BAJO","2",14,0,2,"medio",5,"no",4,"BAJO","PUBL","Media",1,1,2
"478",3361,"PUBL-BAJO","2",13,0,2,"medio",4,"no",3,"BAJO","PUBL","Media",1,1,1
"479",3362,"PUBL-BAJO","2",13,0,1,"bajo",7,"no",2,"BAJO","PUBL","Media",0,1,0
"480",3363,"PUBL-BAJO","2",13,0,1,"bajo",3,"no",3,"BAJO","PUBL","Baja",0,0,1
"481",3364,"PUBL-BAJO","2",13,0,1,"medio",5,"no",3,"BAJO","PUBL","Media",1,1,1
"482",3365,"PUBL-BAJO","2",13,1,3,"medio",7,"no",3,"BAJO","PUBL","Media",1,1,1
"483",3366,"PUBL-BAJO","2",15,1,3,"bajo",5,"no",5,"BAJO","PUBL","Media",0,1,2
"484",3367,"PUBL-BAJO","2",13,0,0,"medio",8,"no",2,"BAJO","PUBL","Alta",1,2,0
"485",3368,"PUBL-BAJO","2",14,2,1,"alto",7,"no",3,"BAJO","PUBL","Media",2,1,1
"486",3369,"PUBL-BAJO","2",14,1,1,"medio",4,"no",5,"BAJO","PUBL","Media",1,1,2
"487",3370,"PUBL-BAJO","2",14,1,1,"bajo",4,"no",3,"BAJO","PUBL","Media",0,1,1
"488",3371,"PUBL-BAJO","2",14,2,3,"medio",7,"no",3,"BAJO","PUBL","Media",1,1,1
"489",3372,"PUBL-BAJO","2",14,1,3,"medio",5,"no",3,"BAJO","PUBL","Media",1,1,1
"490",3373,"PUBL-BAJO","2",13,1,3,"medio",6,"no",3,"BAJO","PUBL","Media",1,1,1
"491",3401,"PUBL-BAJO","2",16,0,1,"alto",5,"no",3,"BAJO","PUBL","Media",2,1,1
"492",3402,"PUBL-BAJO","2",13,1,1,"medio",4,"sí",5,"BAJO","PUBL","Media",1,1,2
"493",3403,"PUBL-BAJO","2",15,1,1,"alto",10,"sí",5,"BAJO","PUBL","Alta",2,2,2
"494",3404,"PUBL-BAJO","2",14,1,1,"medio",10,"no",5,"BAJO","PUBL","Alta",1,2,2
"495",3405,"PUBL-BAJO","2",13,1,1,"medio",6,"no",2,"BAJO","PUBL","Media",1,1,0
"496",3406,"PUBL-BAJO","2",14,0,3,"bajo",7,"no",2,"BAJO","PUBL","Media",0,1,0
"497",3407,"PUBL-BAJO","2",14,0,1,"medio",9,"no",3,"BAJO","PUBL","Alta",1,2,1
"498",3408,"PUBL-BAJO","2",14,1,3,"medio",5,"no",5,"BAJO","PUBL","Media",1,1,2
"499",3409,"PUBL-BAJO","2",13,1,2,"medio",6,"no",3,"BAJO","PUBL","Media",1,1,1
"500",3410,"PUBL-BAJO","2",13,1,0,"medio",8,"no",5,"BAJO","PUBL","Alta",1,2,2
"501",3411,"PUBL-BAJO","2",13,1,2,"medio",3,"sí",4,"BAJO","PUBL","Baja",1,0,2
"502",3412,"PUBL-BAJO","2",13,1,1,"alto",8,"no",4,"BAJO","PUBL","Alta",2,2,2
"503",3413,"PUBL-BAJO","2",13,1,0,"medio",8,"no",3,"BAJO","PUBL","Alta",1,2,1
"504",3414,"PUBL-BAJO","2",14,0,0,"medio",8,"no",3,"BAJO","PUBL","Alta",1,2,1
"505",3415,"PUBL-BAJO","2",13,1,0,"bajo",6,"no",5,"BAJO","PUBL","Media",0,1,2
"506",3416,"PUBL-BAJO","2",14,0,1,"medio",6,"no",3,"BAJO","PUBL","Media",1,1,1
"507",3417,"PUBL-BAJO","2",14,0,0,"medio",10,"no",3,"BAJO","PUBL","Alta",1,2,1
"508",3418,"PUBL-BAJO","2",14,0,1,"bajo",8,"no",2,"BAJO","PUBL","Alta",0,2,0
"509",3419,"PUBL-BAJO","2",14,0,1,"bajo",6,"sí",3,"BAJO","PUBL","Media",0,1,1
"510",3420,"PUBL-BAJO","2",14,0,2,"medio",5,"no",4,"BAJO","PUBL","Media",1,1,2
"511",3421,"PUBL-BAJO","2",14,1,2,"bajo",5,"no",4,"BAJO","PUBL","Media",0,1,2
"512",3422,"PUBL-BAJO","2",15,1,1,"medio",5,"no",3,"BAJO","PUBL","Media",1,1,1
"513",3423,"PUBL-BAJO","2",14,0,2,"medio",8,"sí",5,"BAJO","PUBL","Alta",1,2,2
"514",3424,"PUBL-BAJO","2",14,0,1,"alto",10,"sí",5,"BAJO","PUBL","Alta",2,2,2
"515",3451,"PUBL-BAJO","2",13,1,1,"medio",5,"no",3,"BAJO","PUBL","Media",1,1,1
"516",3452,"PUBL-BAJO","2",15,1,1,"medio",5,"no",2,"BAJO","PUBL","Media",1,1,0
"517",3453,"PUBL-BAJO","2",13,1,1,"medio",8,"no",3,"BAJO","PUBL","Alta",1,2,1
"518",3454,"PUBL-BAJO","2",14,1,1,"bajo",8,"no",1,"BAJO","PUBL","Alta",0,2,0
"519",3455,"PUBL-BAJO","2",14,1,1,"bajo",5,"sí",3,"BAJO","PUBL","Media",0,1,1
"520",3456,"PUBL-BAJO","2",13,0,2,"medio",7,"no",3,"BAJO","PUBL","Media",1,1,1
"521",3457,"PUBL-BAJO","2",13,0,2,"medio",6,"no",2,"BAJO","PUBL","Media",1,1,0
"522",3458,"PUBL-BAJO","2",15,0,1,"medio",6,"no",3,"BAJO","PUBL","Media",1,1,1
"523",3459,"PUBL-BAJO","2",14,1,1,"bajo",9,"no",4,"BAJO","PUBL","Alta",0,2,2
"524",3460,"PUBL-BAJO","2",13,1,2,"medio",8,"sí",3,"BAJO","PUBL","Alta",1,2,1
"525",3461,"PUBL-BAJO","2",14,0,3,"medio",8,"no",4,"BAJO","PUBL","Alta",1,2,2
"526",3462,"PUBL-BAJO","2",13,0,1,"bajo",8,"no",4,"BAJO","PUBL","Alta",0,2,2
"527",3463,"PUBL-BAJO","2",13,0,1,"medio",8,"no",3,"BAJO","PUBL","Alta",1,2,1
"528",3464,"PUBL-BAJO","2",13,0,2,"medio",6,"no",3,"BAJO","PUBL","Media",1,1,1
"529",3465,"PUBL-BAJO","2",13,0,1,"medio",9,"no",4,"BAJO","PUBL","Alta",1,2,2
"530",3466,"PUBL-BAJO","2",13,1,2,"alto",10,"no",5,"BAJO","PUBL","Alta",2,2,2
"531",3467,"PUBL-BAJO","2",13,0,1,"bajo",5,"no",3,"BAJO","PUBL","Media",0,1,1
"532",3468,"PUBL-BAJO","2",13,1,1,"medio",5,"no",3,"BAJO","PUBL","Media",1,1,1
"533",3469,"PUBL-BAJO","2",14,1,1,"medio",3,"no",5,"BAJO","PUBL","Baja",1,0,2
"534",3470,"PUBL-BAJO","2",15,0,1,"medio",8,"sí",4,"BAJO","PUBL","Alta",1,2,2
"535",3471,"PUBL-BAJO","2",14,0,3,"medio",9,"no",5,"BAJO","PUBL","Alta",1,2,2
"536",3472,"PUBL-BAJO","2",14,1,2,"medio",5,"no",3,"BAJO","PUBL","Media",1,1,1
"537",3473,"PUBL-BAJO","2",14,1,3,"alto",8,"no",5,"BAJO","PUBL","Alta",2,2,2
"538",3474,"PUBL-BAJO","2",14,1,2,"alto",5,"sí",4,"BAJO","PUBL","Media",2,1,2
"539",3475,"PUBL-BAJO","2",14,0,2,"medio",7,"no",3,"BAJO","PUBL","Media",1,1,1
"540",3501,"PUBL-BAJO","2",13,1,1,"alto",10,"no",2,"BAJO","PUBL","Alta",2,2,0
"541",3502,"PUBL-BAJO","2",16,1,1,"medio",5,"no",3,"BAJO","PUBL","Media",1,1,1
"542",3503,"PUBL-BAJO","2",14,1,1,"bajo",5,"no",3,"BAJO","PUBL","Media",0,1,1
"543",3504,"PUBL-BAJO","2",13,0,0,"bajo",3,"no",2,"BAJO","PUBL","Baja",0,0,0
"544",3506,"PUBL-BAJO","2",13,1,1,"medio",7,"no",4,"BAJO","PUBL","Media",1,1,2
"545",3507,"PUBL-BAJO","2",14,1,1,"medio",4,"no",5,"BAJO","PUBL","Media",1,1,2
"546",3508,"PUBL-BAJO","2",14,0,3,"bajo",6,"no",3,"BAJO","PUBL","Media",0,1,1
"547",3509,"PUBL-BAJO","2",14,0,2,"bajo",6,"no",2,"BAJO","PUBL","Media",0,1,0
"548",3510,"PUBL-BAJO","2",13,0,1,"alto",5,"sí",3,"BAJO","PUBL","Media",2,1,1
"549",3512,"PUBL-BAJO","2",13,0,1,"medio",6,"no",2,"BAJO","PUBL","Media",1,1,0
"550",3513,"PUBL-BAJO","2",13,0,1,"bajo",5,"no",5,"BAJO","PUBL","Media",0,1,2
"551",3514,"PUBL-BAJO","2",14,0,1,"bajo",7,"no",3,"BAJO","PUBL","Media",0,1,1
"552",3515,"PUBL-BAJO","2",13,1,1,"medio",3,"no",3,"BAJO","PUBL","Baja",1,0,1
"553",3516,"PUBL-BAJO","2",14,1,0,"bajo",8,"no",2,"BAJO","PUBL","Alta",0,2,0
"554",3517,"PUBL-BAJO","2",13,1,2,"bajo",6,"no",4,"BAJO","PUBL","Media",0,1,2
"555",3518,"PUBL-BAJO","2",14,1,2,"bajo",6,"no",3,"BAJO","PUBL","Media",0,1,1
"556",3519,"PUBL-BAJO","2",14,0,3,"medio",9,"no",4,"BAJO","PUBL","Alta",1,2,2
"557",3520,"PUBL-BAJO","2",14,0,1,"medio",3,"no",4,"BAJO","PUBL","Baja",1,0,2
"558",3521,"PUBL-BAJO","2",13,0,3,"medio",5,"no",3,"BAJO","PUBL","Media",1,1,1
"559",3522,"PUBL-BAJO","2",13,0,1,"medio",5,"no",1,"BAJO","PUBL","Media",1,1,0
"560",3552,"PUBL-BAJO","2",14,0,1,"bajo",5,"no",5,"BAJO","PUBL","Media",0,1,2
"561",3553,"PUBL-BAJO","2",15,0,1,"alto",5,"no",3,"BAJO","PUBL","Media",2,1,1
"562",3554,"PUBL-BAJO","2",15,1,2,"bajo",5,"no",2,"BAJO","PUBL","Media",0,1,0
"563",3555,"PUBL-BAJO","2",14,0,3,"medio",7,"sí",3,"BAJO","PUBL","Media",1,1,1
"564",3556,"PUBL-BAJO","2",15,0,1,"bajo",7,"no",4,"BAJO","PUBL","Media",0,1,2
"565",3557,"PUBL-BAJO","2",14,1,1,"medio",6,"no",2,"BAJO","PUBL","Media",1,1,0
"566",3558,"PUBL-BAJO","2",13,0,3,"medio",7,"sí",3,"BAJO","PUBL","Media",1,1,1
"567",3559,"PUBL-BAJO","2",13,0,1,"medio",5,"no",3,"BAJO","PUBL","Media",1,1,1
"568",3560,"PUBL-BAJO","2",13,0,1,"medio",5,"no",3,"BAJO","PUBL","Media",1,1,1
"569",3561,"PUBL-BAJO","2",14,1,1,"medio",8,"no",4,"BAJO","PUBL","Alta",1,2,2
"570",3562,"PUBL-BAJO","2",16,0,1,"bajo",6,"no",2,"BAJO","PUBL","Media",0,1,0
"571",3563,"PUBL-BAJO","2",14,0,1,"bajo",6,"no",5,"BAJO","PUBL","Media",0,1,2
"572",3567,"PUBL-BAJO","2",13,1,3,"bajo",7,"no",3,"BAJO","PUBL","Media",0,1,1
"573",3568,"PUBL-BAJO","2",14,1,0,"medio",2,"no",5,"BAJO","PUBL","Baja",1,0,2
"574",3569,"PUBL-BAJO","2",15,1,1,"alto",5,"no",4,"BAJO","PUBL","Media",2,1,2
"575",3570,"PUBL-BAJO","2",15,1,1,"medio",3,"no",4,"BAJO","PUBL","Baja",1,0,2
"576",3571,"PUBL-BAJO","2",13,1,3,"bajo",4,"no",3,"BAJO","PUBL","Media",0,1,1
"577",3601,"PUBL-BAJO","2",13,0,1,"bajo",7,"no",4,"BAJO","PUBL","Media",0,1,2
"578",3602,"PUBL-BAJO","2",13,1,1,"bajo",6,"no",3,"BAJO","PUBL","Media",0,1,1
"579",3603,"PUBL-BAJO","2",13,0,3,"medio",5,"no",2,"BAJO","PUBL","Media",1,1,0
"580",3604,"PUBL-BAJO","2",13,0,0,"medio",5,"no",3,"BAJO","PUBL","Media",1,1,1
"581",3605,"PUBL-BAJO","2",14,1,1,"medio",5,"no",1,"BAJO","PUBL","Media",1,1,0
"582",3606,"PUBL-BAJO","2",15,1,1,"medio",5,"no",2,"BAJO","PUBL","Media",1,1,0
"583",3607,"PUBL-BAJO","2",13,1,1,"bajo",6,"no",5,"BAJO","PUBL","Media",0,1,2
"584",3608,"PUBL-BAJO","2",13,1,1,"alto",5,"no",2,"BAJO","PUBL","Media",2,1,0
"585",3609,"PUBL-BAJO","2",15,0,1,"alto",8,"no",3,"BAJO","PUBL","Alta",2,2,1
"586",3610,"PUBL-BAJO","2",14,0,1,"bajo",4,"sí",5,"BAJO","PUBL","Media",0,1,2
"587",3611,"PUBL-BAJO","2",13,0,1,"medio",7,"sí",1,"BAJO","PUBL","Media",1,1,0
"588",3612,"PUBL-BAJO","2",14,1,2,"bajo",5,"no",3,"BAJO","PUBL","Media",0,1,1
"589",3613,"PUBL-BAJO","2",13,1,3,"bajo",4,"no",4,"BAJO","PUBL","Media",0,1,2
"590",3614,"PUBL-BAJO","2",13,0,2,"bajo",7,"no",4,"BAJO","PUBL","Media",0,1,2
"591",3615,"PUBL-BAJO","2",13,0,3,"medio",6,"no",2,"BAJO","PUBL","Media",1,1,0
"592",3616,"PUBL-BAJO","2",15,0,0,"alto",6,"sí",5,"BAJO","PUBL","Media",2,1,2
"593",3617,"PUBL-BAJO","2",14,1,3,"medio",6,"no",5,"BAJO","PUBL","Media",1,1,2
"594",3618,"PUBL-BAJO","2",13,1,1,"bajo",6,"no",2,"BAJO","PUBL","Media",0,1,0
"595",3619,"PUBL-BAJO","2",13,1,1,"medio",6,"no",2,"BAJO","PUBL","Media",1,1,0
"596",3620,"PUBL-BAJO","2",13,1,3,"bajo",4,"no",2,"BAJO","PUBL","Media",0,1,0
"597",3621,"PUBL-BAJO","2",13,1,3,"bajo",5,"no",3,"BAJO","PUBL","Media",0,1,1
"598",3622,"PUBL-BAJO","2",14,0,0,"medio",7,"no",3,"BAJO","PUBL","Media",1,1,1
"599",3623,"PUBL-BAJO","2",13,1,2,"medio",6,"no",3,"BAJO","PUBL","Media",1,1,1
"600",3624,"PUBL-BAJO","2",13,1,0,"bajo",8,"sí",4,"BAJO","PUBL","Alta",0,2,2
"601",3625,"PUBL-BAJO","2",13,1,1,"alto",8,"no",3,"BAJO","PUBL","Alta",2,2,1
"602",3651,"PUBL-BAJO","2",14,1,1,"alto",4,"no",5,"BAJO","PUBL","Media",2,1,2
"603",3652,"PUBL-BAJO","2",15,0,2,"alto",7,"no",3,"BAJO","PUBL","Media",2,1,1
"604",3653,"PUBL-BAJO","2",15,1,3,"medio",5,"no",3,"BAJO","PUBL","Media",1,1,1
"605",3654,"PUBL-BAJO","2",15,1,1,"alto",9,"no",5,"BAJO","PUBL","Alta",2,2,2
"606",3655,"PUBL-BAJO","2",14,1,3,"medio",5,"no",5,"BAJO","PUBL","Media",1,1,2
"607",3656,"PUBL-BAJO","2",15,1,1,"bajo",4,"no",2,"BAJO","PUBL","Media",0,1,0
"608",3657,"PUBL-BAJO","2",14,0,3,"medio",3,"no",3,"BAJO","PUBL","Baja",1,0,1
"609",3658,"PUBL-BAJO","2",14,1,3,"medio",7,"no",5,"BAJO","PUBL","Media",1,1,2
"610",3659,"PUBL-BAJO","2",14,1,1,"bajo",6,"no",3,"BAJO","PUBL","Media",0,1,1
"611",3660,"PUBL-BAJO","2",14,1,2,"bajo",5,"no",2,"BAJO","PUBL","Media",0,1,0
"612",3661,"PUBL-BAJO","2",14,1,3,"bajo",6,"no",3,"BAJO","PUBL","Media",0,1,1
"613",3662,"PUBL-BAJO","2",14,0,3,"alto",5,"sí",3,"BAJO","PUBL","Media",2,1,1
"614",3663,"PUBL-BAJO","2",13,0,1,"medio",5,"sí",3,"BAJO","PUBL","Media",1,1,1
"615",3664,"PUBL-BAJO","2",15,1,1,"medio",8,"no",3,"BAJO","PUBL","Alta",1,2,1
"616",3666,"PUBL-BAJO","2",15,1,1,"medio",8,"sí",5,"BAJO","PUBL","Alta",1,2,2
"617",4001,"PRIV-BAJO","1",12,0,2,"alto",4,"no",3,"BAJO","PRIV","Media",2,1,1
"618",4002,"PRIV-BAJO","1",13,1,2,"medio",6,"no",5,"BAJO","PRIV","Media",1,1,2
"619",4003,"PRIV-BAJO","1",12,0,2,"medio",6,"no",3,"BAJO","PRIV","Media",1,1,1
"620",4004,"PRIV-BAJO","1",13,1,2,"medio",7,"no",4,"BAJO","PRIV","Media",1,1,2
"621",4005,"PRIV-BAJO","1",12,1,2,"alto",8,"sí",4,"BAJO","PRIV","Alta",2,2,2
"622",4006,"PRIV-BAJO","1",12,0,2,"medio",8,"no",3,"BAJO","PRIV","Alta",1,2,1
"623",4007,"PRIV-BAJO","1",13,1,3,"medio",7,"no",5,"BAJO","PRIV","Media",1,1,2
"624",4008,"PRIV-BAJO","1",13,1,2,"alto",8,"no",4,"BAJO","PRIV","Alta",2,2,2
"625",4009,"PRIV-BAJO","1",13,0,3,"alto",6,"no",3,"BAJO","PRIV","Media",2,1,1
"626",4010,"PRIV-BAJO","1",12,0,1,"medio",7,"sí",4,"BAJO","PRIV","Media",1,1,2
"627",4011,"PRIV-BAJO","1",12,1,3,"alto",7,"no",5,"BAJO","PRIV","Media",2,1,2
"628",4012,"PRIV-BAJO","1",12,1,2,"alto",8,"no",5,"BAJO","PRIV","Alta",2,2,2
"629",4013,"PRIV-BAJO","1",12,0,3,"bajo",6,"no",4,"BAJO","PRIV","Media",0,1,2
"630",4014,"PRIV-BAJO","1",12,1,1,"medio",8,"no",3,"BAJO","PRIV","Alta",1,2,1
"631",4015,"PRIV-BAJO","1",12,0,1,"medio",9,"no",2,"BAJO","PRIV","Alta",1,2,0
"632",4016,"PRIV-BAJO","1",12,0,1,"bajo",8,"sí",4,"BAJO","PRIV","Alta",0,2,2
"633",4017,"PRIV-BAJO","1",13,0,3,"medio",4,"no",3,"BAJO","PRIV","Media",1,1,1
"634",4018,"PRIV-BAJO","1",12,0,3,"medio",5,"no",3,"BAJO","PRIV","Media",1,1,1
"635",4019,"PRIV-BAJO","1",12,0,3,"medio",7,"no",4,"BAJO","PRIV","Media",1,1,2
"636",4020,"PRIV-BAJO","1",13,1,1,"alto",9,"no",4,"BAJO","PRIV","Alta",2,2,2
"637",4021,"PRIV-BAJO","1",13,1,1,"medio",8,"no",4,"BAJO","PRIV","Alta",1,2,2
"638",4022,"PRIV-BAJO","1",12,0,2,"alto",8,"sí",5,"BAJO","PRIV","Alta",2,2,2
"639",4023,"PRIV-BAJO","1",12,0,2,"alto",5,"no",4,"BAJO","PRIV","Media",2,1,2
"640",4024,"PRIV-BAJO","1",13,0,2,"alto",5,"sí",3,"BAJO","PRIV","Media",2,1,1
"641",4025,"PRIV-BAJO","1",13,0,2,"bajo",3,"no",3,"BAJO","PRIV","Baja",0,0,1
"642",4026,"PRIV-BAJO","1",12,1,0,"medio",9,"no",5,"BAJO","PRIV","Alta",1,2,2
"643",4027,"PRIV-BAJO","1",12,0,3,"alto",9,"sí",3,"BAJO","PRIV","Alta",2,2,1
"644",4028,"PRIV-BAJO","1",13,0,2,"alto",5,"no",1,"BAJO","PRIV","Media",2,1,0
"645",4029,"PRIV-BAJO","1",13,0,1,"bajo",5,"no",3,"BAJO","PRIV","Media",0,1,1
"646",4030,"PRIV-BAJO","1",12,0,2,"medio",9,"no",4,"BAJO","PRIV","Alta",1,2,2
"647",4031,"PRIV-BAJO","1",12,1,1,"medio",7,"no",3,"BAJO","PRIV","Media",1,1,1
"648",4032,"PRIV-BAJO","1",13,0,1,"medio",9,"sí",5,"BAJO","PRIV","Alta",1,2,2
"649",4033,"PRIV-BAJO","1",13,1,1,"alto",10,"no",5,"BAJO","PRIV","Alta",2,2,2
"650",4034,"PRIV-BAJO","1",12,1,1,"alto",10,"sí",4,"BAJO","PRIV","Alta",2,2,2
"651",4035,"PRIV-BAJO","1",13,0,2,"medio",7,"no",3,"BAJO","PRIV","Media",1,1,1
"652",4036,"PRIV-BAJO","1",13,0,1,"alto",6,"sí",4,"BAJO","PRIV","Media",2,1,2
"653",4037,"PRIV-BAJO","1",12,0,2,"medio",6,"sí",4,"BAJO","PRIV","Media",1,1,2
"654",4050,"PRIV-BAJO","1",13,1,1,"medio",8,"no",3,"BAJO","PRIV","Alta",1,2,1
"655",4051,"PRIV-BAJO","1",13,0,1,"medio",8,"no",3,"BAJO","PRIV","Alta",1,2,1
"656",4052,"PRIV-BAJO","1",13,0,3,"medio",9,"no",3,"BAJO","PRIV","Alta",1,2,1
"657",4053,"PRIV-BAJO","1",12,0,1,"alto",7,"no",3,"BAJO","PRIV","Media",2,1,1
"658",4054,"PRIV-BAJO","1",12,0,1,"medio",7,"no",5,"BAJO","PRIV","Media",1,1,2
"659",4055,"PRIV-BAJO","1",13,0,3,"alto",7,"no",3,"BAJO","PRIV","Media",2,1,1
"660",4056,"PRIV-BAJO","1",12,1,1,"alto",6,"no",3,"BAJO","PRIV","Media",2,1,1
"661",4057,"PRIV-BAJO","1",12,1,3,"medio",6,"no",3,"BAJO","PRIV","Media",1,1,1
"662",4058,"PRIV-BAJO","1",13,0,1,"medio",7,"no",2,"BAJO","PRIV","Media",1,1,0
"663",4059,"PRIV-BAJO","1",12,1,2,"medio",5,"sí",4,"BAJO","PRIV","Media",1,1,2
"664",4060,"PRIV-BAJO","1",12,0,2,"medio",5,"no",2,"BAJO","PRIV","Media",1,1,0
"665",4061,"PRIV-BAJO","1",13,0,2,"medio",5,"no",3,"BAJO","PRIV","Media",1,1,1
"666",4062,"PRIV-BAJO","1",12,1,1,"alto",7,"no",3,"BAJO","PRIV","Media",2,1,1
"667",4063,"PRIV-BAJO","1",12,0,2,"medio",8,"no",3,"BAJO","PRIV","Alta",1,2,1
"668",4064,"PRIV-BAJO","1",13,0,0,"medio",8,"no",3,"BAJO","PRIV","Alta",1,2,1
"669",4065,"PRIV-BAJO","1",12,0,1,"medio",9,"no",3,"BAJO","PRIV","Alta",1,2,1
"670",4066,"PRIV-BAJO","1",13,0,2,"bajo",4,"sí",1,"BAJO","PRIV","Media",0,1,0
"671",4067,"PRIV-BAJO","1",12,1,3,"medio",5,"sí",4,"BAJO","PRIV","Media",1,1,2
"672",4068,"PRIV-BAJO","1",12,1,1,"medio",5,"no",3,"BAJO","PRIV","Media",1,1,1
"673",4069,"PRIV-BAJO","1",12,0,2,"bajo",9,"no",4,"BAJO","PRIV","Alta",0,2,2
"674",4070,"PRIV-BAJO","1",13,1,1,"medio",6,"no",5,"BAJO","PRIV","Media",1,1,2
"675",4071,"PRIV-BAJO","1",12,1,1,"medio",5,"no",4,"BAJO","PRIV","Media",1,1,2
"676",4072,"PRIV-BAJO","1",12,1,2,"medio",9,"no",4,"BAJO","PRIV","Alta",1,2,2
"677",4073,"PRIV-BAJO","1",12,0,2,"medio",9,"sí",4,"BAJO","PRIV","Alta",1,2,2
"678",4074,"PRIV-BAJO","1",13,0,3,"bajo",7,"no",4,"BAJO","PRIV","Media",0,1,2
"679",4075,"PRIV-BAJO","1",12,0,1,"medio",7,"no",5,"BAJO","PRIV","Media",1,1,2
"680",4076,"PRIV-BAJO","1",12,1,3,"bajo",6,"no",4,"BAJO","PRIV","Media",0,1,2
"681",4077,"PRIV-BAJO","1",13,1,1,"medio",7,"sí",5,"BAJO","PRIV","Media",1,1,2
"682",4078,"PRIV-BAJO","1",12,0,1,"medio",7,"no",4,"BAJO","PRIV","Media",1,1,2
"683",4079,"PRIV-BAJO","1",12,1,1,"alto",5,"sí",2,"BAJO","PRIV","Media",2,1,0
"684",4080,"PRIV-BAJO","1",12,1,2,"alto",7,"no",4,"BAJO","PRIV","Media",2,1,2
"685",4081,"PRIV-BAJO","1",13,0,1,"alto",6,"no",4,"BAJO","PRIV","Media",2,1,2
"686",4082,"PRIV-BAJO","1",12,0,2,"medio",9,"no",5,"BAJO","PRIV","Alta",1,2,2
"687",4083,"PRIV-BAJO","1",14,1,1,"alto",9,"no",4,"BAJO","PRIV","Alta",2,2,2
"688",4084,"PRIV-BAJO","1",13,0,2,"medio",7,"no",3,"BAJO","PRIV","Media",1,1,1
"689",4101,"PRIV-BAJO","2",13,0,2,"medio",8,"no",5,"BAJO","PRIV","Alta",1,2,2
"690",4102,"PRIV-BAJO","2",13,0,2,"medio",6,"no",3,"BAJO","PRIV","Media",1,1,1
"691",4103,"PRIV-BAJO","2",13,0,1,"alto",7,"no",3,"BAJO","PRIV","Media",2,1,1
"692",4104,"PRIV-BAJO","2",14,0,2,"bajo",4,"sí",2,"BAJO","PRIV","Media",0,1,0
"693",4105,"PRIV-BAJO","2",13,0,1,"medio",8,"no",4,"BAJO","PRIV","Alta",1,2,2
"694",4106,"PRIV-BAJO","2",14,0,1,"alto",8,"no",4,"BAJO","PRIV","Alta",2,2,2
"695",4107,"PRIV-BAJO","2",14,1,1,"medio",6,"no",2,"BAJO","PRIV","Media",1,1,0
"696",4108,"PRIV-BAJO","2",13,1,2,"alto",7,"no",5,"BAJO","PRIV","Media",2,1,2
"697",4109,"PRIV-BAJO","2",13,0,2,"medio",6,"no",3,"BAJO","PRIV","Media",1,1,1
"698",4110,"PRIV-BAJO","2",13,0,2,"medio",8,"no",3,"BAJO","PRIV","Alta",1,2,1
"699",4111,"PRIV-BAJO","2",13,0,2,"medio",7,"no",4,"BAJO","PRIV","Media",1,1,2
"700",4112,"PRIV-BAJO","2",13,0,3,"medio",4,"no",3,"BAJO","PRIV","Media",1,1,1
"701",4113,"PRIV-BAJO","2",14,0,2,"medio",8,"no",5,"BAJO","PRIV","Alta",1,2,2
"702",4114,"PRIV-BAJO","2",13,0,1,"alto",8,"no",4,"BAJO","PRIV","Alta",2,2,2
"703",4115,"PRIV-BAJO","2",13,1,1,"bajo",5,"no",4,"BAJO","PRIV","Media",0,1,2
"704",4116,"PRIV-BAJO","2",13,1,1,"medio",10,"no",5,"BAJO","PRIV","Alta",1,2,2
"705",4117,"PRIV-BAJO","2",14,1,1,"medio",6,"no",3,"BAJO","PRIV","Media",1,1,1
"706",4118,"PRIV-BAJO","2",14,1,1,"medio",7,"no",5,"BAJO","PRIV","Media",1,1,2
"707",4119,"PRIV-BAJO","2",13,1,1,"medio",5,"no",3,"BAJO","PRIV","Media",1,1,1
"708",4120,"PRIV-BAJO","2",13,1,2,"alto",5,"no",4,"BAJO","PRIV","Media",2,1,2
"709",4121,"PRIV-BAJO","2",13,1,2,"medio",8,"no",2,"BAJO","PRIV","Alta",1,2,0
"710",4122,"PRIV-BAJO","2",13,1,2,"alto",9,"no",5,"BAJO","PRIV","Alta",2,2,2
"711",4123,"PRIV-BAJO","2",14,0,2,"medio",6,"no",5,"BAJO","PRIV","Media",1,1,2
"712",4124,"PRIV-BAJO","2",13,0,1,"bajo",5,"no",3,"BAJO","PRIV","Media",0,1,1
"713",4125,"PRIV-BAJO","2",13,0,2,"alto",7,"no",3,"BAJO","PRIV","Media",2,1,1
"714",4126,"PRIV-BAJO","2",14,0,1,"alto",8,"no",4,"BAJO","PRIV","Alta",2,2,2
"715",4127,"PRIV-BAJO","2",13,0,2,"medio",4,"no",4,"BAJO","PRIV","Media",1,1,2
"716",4128,"PRIV-BAJO","2",14,1,2,"alto",7,"no",5,"BAJO","PRIV","Media",2,1,2
"717",4129,"PRIV-BAJO","2",14,1,1,"medio",7,"no",4,"BAJO","PRIV","Media",1,1,2
"718",4130,"PRIV-BAJO","2",14,0,1,"bajo",5,"no",4,"BAJO","PRIV","Media",0,1,2
"719",4151,"PRIV-BAJO","2",13,1,2,"alto",7,"no",5,"BAJO","PRIV","Media",2,1,2
"720",4152,"PRIV-BAJO","2",14,1,1,"alto",10,"sí",5,"BAJO","PRIV","Alta",2,2,2
"721",4153,"PRIV-BAJO","2",13,1,0,"medio",7,"no",3,"BAJO","PRIV","Media",1,1,1
"722",4154,"PRIV-BAJO","2",13,0,1,"medio",6,"sí",5,"BAJO","PRIV","Media",1,1,2
"723",4155,"PRIV-BAJO","2",15,0,3,"alto",6,"no",5,"BAJO","PRIV","Media",2,1,2
"724",4156,"PRIV-BAJO","2",14,1,2,"alto",6,"no",4,"BAJO","PRIV","Media",2,1,2
"725",4157,"PRIV-BAJO","2",13,0,3,"alto",7,"no",3,"BAJO","PRIV","Media",2,1,1
"726",4158,"PRIV-BAJO","2",14,0,3,"medio",7,"no",3,"BAJO","PRIV","Media",1,1,1
"727",4159,"PRIV-BAJO","2",13,0,1,"alto",6,"no",3,"BAJO","PRIV","Media",2,1,1
"728",4160,"PRIV-BAJO","2",13,1,3,"bajo",4,"no",5,"BAJO","PRIV","Media",0,1,2
"729",4161,"PRIV-BAJO","2",13,1,3,"medio",9,"no",5,"BAJO","PRIV","Alta",1,2,2
"730",4162,"PRIV-BAJO","2",13,1,2,"alto",7,"no",4,"BAJO","PRIV","Media",2,1,2
"731",4163,"PRIV-BAJO","2",14,1,2,"alto",7,"no",3,"BAJO","PRIV","Media",2,1,1
"732",4164,"PRIV-BAJO","2",14,1,0,"medio",8,"no",3,"BAJO","PRIV","Alta",1,2,1
"733",4165,"PRIV-BAJO","2",13,1,2,"medio",8,"sí",5,"BAJO","PRIV","Alta",1,2,2
"734",4166,"PRIV-BAJO","2",14,1,1,"medio",4,"no",4,"BAJO","PRIV","Media",1,1,2
"735",4167,"PRIV-BAJO","2",13,1,1,"medio",8,"no",4,"BAJO","PRIV","Alta",1,2,2
"736",4168,"PRIV-BAJO","2",14,0,1,"medio",6,"no",3,"BAJO","PRIV","Media",1,1,1
"737",4169,"PRIV-BAJO","2",13,1,3,"alto",7,"no",2,"BAJO","PRIV","Media",2,1,0
"738",4170,"PRIV-BAJO","2",13,0,0,"bajo",4,"no",2,"BAJO","PRIV","Media",0,1,0
"739",4171,"PRIV-BAJO","2",13,0,1,"alto",5,"no",2,"BAJO","PRIV","Media",2,1,0
"740",4172,"PRIV-BAJO","2",14,1,2,"medio",8,"sí",3,"BAJO","PRIV","Alta",1,2,1
"741",4173,"PRIV-BAJO","2",14,0,3,"bajo",8,"sí",3,"BAJO","PRIV","Alta",0,2,1
"742",4174,"PRIV-BAJO","2",14,1,2,"alto",9,"no",5,"BAJO","PRIV","Alta",2,2,2
"743",4175,"PRIV-BAJO","2",14,0,2,"medio",6,"no",2,"BAJO","PRIV","Media",1,1,0
"744",4176,"PRIV-BAJO","2",14,0,1,"medio",8,"no",3,"BAJO","PRIV","Alta",1,2,1
"745",4177,"PRIV-BAJO","2",13,1,1,"medio",7,"no",3,"BAJO","PRIV","Media",1,1,1
"746",4178,"PRIV-BAJO","2",14,1,2,"alto",9,"no",3,"BAJO","PRIV","Alta",2,2,1
"747",4179,"PRIV-BAJO","2",14,1,1,"medio",8,"no",4,"BAJO","PRIV","Alta",1,2,2
"748",4180,"PRIV-BAJO","2",14,0,1,"alto",9,"sí",3,"BAJO","PRIV","Alta",2,2,1
"749",4181,"PRIV-BAJO","2",13,0,2,"medio",7,"no",3,"BAJO","PRIV","Media",1,1,1
"750",5001,"PRIV-ALTO","1",12,1,2,"bajo",6,"sí",4,"ALTO","PRIV","Media",0,1,2
"751",5002,"PRIV-ALTO","1",13,0,1,"alto",6,"no",4,"ALTO","PRIV","Media",2,1,2
"752",5003,"PRIV-ALTO","1",12,0,3,"medio",7,"no",4,"ALTO","PRIV","Media",1,1,2
"753",5004,"PRIV-ALTO","1",12,0,1,"alto",8,"no",3,"ALTO","PRIV","Alta",2,2,1
"754",5005,"PRIV-ALTO","1",12,0,2,"medio",6,"sí",4,"ALTO","PRIV","Media",1,1,2
"755",5006,"PRIV-ALTO","1",12,0,2,"alto",9,"no",5,"ALTO","PRIV","Alta",2,2,2
"756",5007,"PRIV-ALTO","1",13,1,2,"medio",6,"no",3,"ALTO","PRIV","Media",1,1,1
"757",5008,"PRIV-ALTO","1",12,1,2,"alto",7,"no",2,"ALTO","PRIV","Media",2,1,0
"758",5009,"PRIV-ALTO","1",12,1,2,"medio",4,"no",3,"ALTO","PRIV","Media",1,1,1
"759",5010,"PRIV-ALTO","1",12,0,2,"medio",9,"sí",5,"ALTO","PRIV","Alta",1,2,2
"760",5011,"PRIV-ALTO","1",12,0,2,"medio",8,"no",2,"ALTO","PRIV","Alta",1,2,0
"761",5012,"PRIV-ALTO","1",12,0,2,"alto",7,"sí",5,"ALTO","PRIV","Media",2,1,2
"762",5013,"PRIV-ALTO","1",12,0,3,"medio",6,"no",3,"ALTO","PRIV","Media",1,1,1
"763",5014,"PRIV-ALTO","1",13,0,2,"alto",8,"no",3,"ALTO","PRIV","Alta",2,2,1
"764",5015,"PRIV-ALTO","1",13,0,3,"medio",6,"no",3,"ALTO","PRIV","Media",1,1,1
"765",5016,"PRIV-ALTO","1",12,0,2,"medio",9,"no",3,"ALTO","PRIV","Alta",1,2,1
"766",5017,"PRIV-ALTO","1",12,0,2,"medio",6,"sí",3,"ALTO","PRIV","Media",1,1,1
"767",5018,"PRIV-ALTO","1",13,0,1,"medio",6,"no",4,"ALTO","PRIV","Media",1,1,2
"768",5019,"PRIV-ALTO","1",12,1,2,"alto",7,"sí",1,"ALTO","PRIV","Media",2,1,0
"769",5020,"PRIV-ALTO","1",13,0,2,"medio",9,"sí",4,"ALTO","PRIV","Alta",1,2,2
"770",5021,"PRIV-ALTO","1",13,0,3,"bajo",6,"no",4,"ALTO","PRIV","Media",0,1,2
"771",5022,"PRIV-ALTO","1",12,0,3,"alto",6,"no",4,"ALTO","PRIV","Media",2,1,2
"772",5023,"PRIV-ALTO","1",12,1,3,"alto",8,"no",4,"ALTO","PRIV","Alta",2,2,2
"773",5050,"PRIV-ALTO","1",12,1,3,"alto",7,"no",3,"ALTO","PRIV","Media",2,1,1
"774",5051,"PRIV-ALTO","1",12,0,2,"medio",8,"no",4,"ALTO","PRIV","Alta",1,2,2
"775",5052,"PRIV-ALTO","1",13,0,3,"medio",6,"no",5,"ALTO","PRIV","Media",1,1,2
"776",5053,"PRIV-ALTO","1",13,0,2,"medio",6,"no",3,"ALTO","PRIV","Media",1,1,1
"777",5054,"PRIV-ALTO","1",12,0,1,"medio",6,"no",3,"ALTO","PRIV","Media",1,1,1
"778",5055,"PRIV-ALTO","1",13,0,2,"medio",6,"no",3,"ALTO","PRIV","Media",1,1,1
"779",5056,"PRIV-ALTO","1",12,1,3,"alto",5,"no",2,"ALTO","PRIV","Media",2,1,0
"780",5057,"PRIV-ALTO","1",12,0,2,"medio",8,"no",3,"ALTO","PRIV","Alta",1,2,1
"781",5058,"PRIV-ALTO","1",13,0,3,"bajo",6,"no",5,"ALTO","PRIV","Media",0,1,2
"782",5059,"PRIV-ALTO","1",13,1,2,"medio",8,"sí",4,"ALTO","PRIV","Alta",1,2,2
"783",5060,"PRIV-ALTO","1",13,0,2,"alto",7,"no",5,"ALTO","PRIV","Media",2,1,2
"784",5061,"PRIV-ALTO","1",13,1,2,"alto",4,"no",3,"ALTO","PRIV","Media",2,1,1
"785",5062,"PRIV-ALTO","1",12,0,2,"alto",8,"no",4,"ALTO","PRIV","Alta",2,2,2
"786",5063,"PRIV-ALTO","1",12,1,2,"alto",8,"sí",5,"ALTO","PRIV","Alta",2,2,2
"787",5064,"PRIV-ALTO","1",13,0,2,"alto",6,"no",3,"ALTO","PRIV","Media",2,1,1
"788",5065,"PRIV-ALTO","1",12,1,2,"medio",7,"no",5,"ALTO","PRIV","Media",1,1,2
"789",5066,"PRIV-ALTO","1",12,1,2,"medio",7,"no",3,"ALTO","PRIV","Media",1,1,1
"790",5067,"PRIV-ALTO","1",13,1,2,"alto",7,"sí",3,"ALTO","PRIV","Media",2,1,1
"791",5068,"PRIV-ALTO","1",12,0,2,"alto",7,"no",3,"ALTO","PRIV","Media",2,1,1
"792",5069,"PRIV-ALTO","1",12,0,2,"alto",6,"no",4,"ALTO","PRIV","Media",2,1,2
"793",5071,"PRIV-ALTO","1",13,1,3,"medio",6,"no",4,"ALTO","PRIV","Media",1,1,2
"794",5101,"PRIV-ALTO","2",14,1,2,"alto",8,"no",3,"ALTO","PRIV","Alta",2,2,1
"795",5102,"PRIV-ALTO","2",13,0,2,"alto",7,"no",3,"ALTO","PRIV","Media",2,1,1
"796",5103,"PRIV-ALTO","2",13,0,2,"medio",7,"no",3,"ALTO","PRIV","Media",1,1,1
"797",5104,"PRIV-ALTO","2",14,0,2,"alto",8,"no",5,"ALTO","PRIV","Alta",2,2,2
"798",5105,"PRIV-ALTO","2",13,1,2,"alto",8,"no",4,"ALTO","PRIV","Alta",2,2,2
"799",5106,"PRIV-ALTO","2",14,0,2,"medio",7,"sí",5,"ALTO","PRIV","Media",1,1,2
"800",5107,"PRIV-ALTO","2",14,0,2,"alto",8,"no",4,"ALTO","PRIV","Alta",2,2,2
"801",5108,"PRIV-ALTO","2",13,1,2,"medio",7,"no",3,"ALTO","PRIV","Media",1,1,1
"802",5109,"PRIV-ALTO","2",13,0,2,"medio",7,"no",4,"ALTO","PRIV","Media",1,1,2
"803",5110,"PRIV-ALTO","2",14,0,2,"alto",7,"no",4,"ALTO","PRIV","Media",2,1,2
"804",5111,"PRIV-ALTO","2",13,0,2,"medio",8,"no",3,"ALTO","PRIV","Alta",1,2,1
"805",5112,"PRIV-ALTO","2",13,1,2,"medio",7,"no",2,"ALTO","PRIV","Media",1,1,0
"806",5113,"PRIV-ALTO","2",13,0,2,"medio",6,"no",4,"ALTO","PRIV","Media",1,1,2
"807",5114,"PRIV-ALTO","2",13,0,2,"alto",6,"no",4,"ALTO","PRIV","Media",2,1,2
"808",5115,"PRIV-ALTO","2",13,0,2,"alto",6,"no",3,"ALTO","PRIV","Media",2,1,1
"809",5116,"PRIV-ALTO","2",13,1,2,"medio",7,"no",3,"ALTO","PRIV","Media",1,1,1
"810",5117,"PRIV-ALTO","2",13,1,2,"alto",7,"no",3,"ALTO","PRIV","Media",2,1,1
"811",5118,"PRIV-ALTO","2",14,0,2,"bajo",6,"no",3,"ALTO","PRIV","Media",0,1,1
"812",5119,"PRIV-ALTO","2",13,0,2,"alto",7,"sí",4,"ALTO","PRIV","Media",2,1,2
"813",5120,"PRIV-ALTO","2",13,1,2,"alto",7,"no",4,"ALTO","PRIV","Media",2,1,2
"814",5121,"PRIV-ALTO","2",14,0,2,"alto",6,"no",4,"ALTO","PRIV","Media",2,1,2
"815",5122,"PRIV-ALTO","2",14,0,2,"alto",7,"no",4,"ALTO","PRIV","Media",2,1,2
"816",5123,"PRIV-ALTO","2",13,1,2,"medio",6,"sí",5,"ALTO","PRIV","Media",1,1,2
"817",5124,"PRIV-ALTO","2",14,1,2,"medio",7,"no",5,"ALTO","PRIV","Media",1,1,2
"818",5125,"PRIV-ALTO","2",13,1,2,"alto",7,"no",4,"ALTO","PRIV","Media",2,1,2
"819",5126,"PRIV-ALTO","2",14,0,2,"alto",7,"sí",3,"ALTO","PRIV","Media",2,1,1
"820",5127,"PRIV-ALTO","2",13,1,2,"alto",6,"sí",4,"ALTO","PRIV","Media",2,1,2
"821",5128,"PRIV-ALTO","2",13,0,1,"bajo",6,"no",3,"ALTO","PRIV","Media",0,1,1
"822",5150,"PRIV-ALTO","2",13,0,2,"alto",6,"no",3,"ALTO","PRIV","Media",2,1,1
"823",5151,"PRIV-ALTO","2",14,0,2,"medio",7,"no",3,"ALTO","PRIV","Media",1,1,1
"824",5152,"PRIV-ALTO","2",14,0,2,"medio",6,"no",2,"ALTO","PRIV","Media",1,1,0
"825",5153,"PRIV-ALTO","2",14,0,1,"medio",8,"no",4,"ALTO","PRIV","Alta",1,2,2
"826",5154,"PRIV-ALTO","2",14,0,2,"medio",5,"no",3,"ALTO","PRIV","Media",1,1,1
"827",5155,"PRIV-ALTO","2",14,1,2,"medio",7,"no",4,"ALTO","PRIV","Media",1,1,2
"828",5156,"PRIV-ALTO","2",14,1,2,"medio",5,"no",4,"ALTO","PRIV","Media",1,1,2
"829",5157,"PRIV-ALTO","2",13,1,2,"alto",6,"no",3,"ALTO","PRIV","Media",2,1,1
"830",5158,"PRIV-ALTO","2",14,0,2,"alto",8,"no",2,"ALTO","PRIV","Alta",2,2,0
"831",5159,"PRIV-ALTO","2",14,0,2,"alto",7,"no",2,"ALTO","PRIV","Media",2,1,0
"832",5160,"PRIV-ALTO","2",13,0,2,"alto",6,"no",3,"ALTO","PRIV","Media",2,1,1
"833",5161,"PRIV-ALTO","2",14,0,2,"alto",8,"no",2,"ALTO","PRIV","Alta",2,2,0
"834",5162,"PRIV-ALTO","2",13,0,2,"medio",7,"no",3,"ALTO","PRIV","Media",1,1,1
"835",5163,"PRIV-ALTO","2",13,1,3,"medio",7,"no",5,"ALTO","PRIV","Media",1,1,2
"836",5164,"PRIV-ALTO","2",13,1,2,"medio",6,"no",4,"ALTO","PRIV","Media",1,1,2
"837",5165,"PRIV-ALTO","2",13,0,3,"medio",8,"no",3,"ALTO","PRIV","Alta",1,2,1
"838",5166,"PRIV-ALTO","2",14,1,2,"alto",5,"no",3,"ALTO","PRIV","Media",2,1,1
"839",5168,"PRIV-ALTO","2",13,0,1,"medio",5,"no",4,"ALTO","PRIV","Media",1,1,2
"840",5169,"PRIV-ALTO","2",13,0,2,"bajo",8,"no",2,"ALTO","PRIV","Alta",0,2,0
"841",5170,"PRIV-ALTO","2",13,1,2,"alto",6,"no",3,"ALTO","PRIV","Media",2,1,1
"842",5171,"PRIV-ALTO","2",14,0,1,"alto",7,"no",3,"ALTO","PRIV","Media",2,1,1
"843",5172,"PRIV-ALTO","2",13,1,2,"medio",6,"no",1,"ALTO","PRIV","Media",1,1,0
"844",5173,"PRIV-ALTO","2",13,1,2,"alto",7,"no",5,"ALTO","PRIV","Media",2,1,2
"845",5174,"PRIV-ALTO","2",13,0,2,"medio",4,"no",2,"ALTO","PRIV","Media",1,1,0
"846",5175,"PRIV-ALTO","2",14,0,2,"medio",8,"no",3,"ALTO","PRIV","Alta",1,2,1
"847",5176,"PRIV-ALTO","2",13,1,3,"medio",3,"no",3,"ALTO","PRIV","Baja",1,0,1
"848",5177,"PRIV-ALTO","2",14,1,2,"medio",5,"sí",5,"ALTO","PRIV","Media",1,1,2
"849",5178,"PRIV-ALTO","2",13,0,2,"medio",7,"no",4,"ALTO","PRIV","Media",1,1,2
"850",5179,"PRIV-ALTO","2",13,0,3,"alto",8,"sí",4,"ALTO","PRIV","Alta",2,2,2
"851",5180,"PRIV-ALTO","2",13,0,2,"alto",10,"sí",5,"ALTO","PRIV","Alta",2,2,2
"852",5181,"PRIV-ALTO","2",14,0,2,"alto",8,"no",4,"ALTO","PRIV","Alta",2,2,2
"853",6001,"PUBL-MEDIO","1",13,0,1,"medio",4,"no",2,"MEDIO","PUBL","Media",1,1,0
"854",6002,"PUBL-MEDIO","1",14,1,2,"alto",7,"no",4,"MEDIO","PUBL","Media",2,1,2
"855",6003,"PUBL-MEDIO","1",12,1,1,"bajo",7,"sí",3,"MEDIO","PUBL","Media",0,1,1
"856",6004,"PUBL-MEDIO","1",12,0,1,"alto",8,"sí",3,"MEDIO","PUBL","Alta",2,2,1
"857",6005,"PUBL-MEDIO","1",13,0,2,"medio",5,"no",2,"MEDIO","PUBL","Media",1,1,0
"858",6006,"PUBL-MEDIO","1",13,1,1,"alto",6,"no",4,"MEDIO","PUBL","Media",2,1,2
"859",6007,"PUBL-MEDIO","1",13,1,2,"medio",8,"no",5,"MEDIO","PUBL","Alta",1,2,2
"860",6008,"PUBL-MEDIO","1",13,1,2,"bajo",7,"no",5,"MEDIO","PUBL","Media",0,1,2
"861",6009,"PUBL-MEDIO","1",12,1,0,"bajo",5,"no",3,"MEDIO","PUBL","Media",0,1,1
"862",6010,"PUBL-MEDIO","1",13,1,2,"bajo",8,"no",3,"MEDIO","PUBL","Alta",0,2,1
"863",6011,"PUBL-MEDIO","1",13,1,1,"bajo",9,"no",3,"MEDIO","PUBL","Alta",0,2,1
"864",6012,"PUBL-MEDIO","1",12,1,2,"bajo",6,"no",3,"MEDIO","PUBL","Media",0,1,1
"865",6013,"PUBL-MEDIO","1",12,1,2,"medio",6,"no",3,"MEDIO","PUBL","Media",1,1,1
"866",6014,"PUBL-MEDIO","1",13,0,2,"alto",8,"sí",3,"MEDIO","PUBL","Alta",2,2,1
"867",6015,"PUBL-MEDIO","1",13,0,1,"medio",8,"no",4,"MEDIO","PUBL","Alta",1,2,2
"868",6016,"PUBL-MEDIO","1",12,0,3,"alto",6,"sí",3,"MEDIO","PUBL","Media",2,1,1
"869",6017,"PUBL-MEDIO","1",12,0,1,"bajo",8,"sí",3,"MEDIO","PUBL","Alta",0,2,1
"870",6018,"PUBL-MEDIO","1",12,1,2,"alto",9,"sí",5,"MEDIO","PUBL","Alta",2,2,2
"871",6019,"PUBL-MEDIO","1",12,0,1,"medio",6,"no",4,"MEDIO","PUBL","Media",1,1,2
"872",6051,"PUBL-MEDIO","1",12,1,1,"alto",5,"no",4,"MEDIO","PUBL","Media",2,1,2
"873",6052,"PUBL-MEDIO","1",12,0,2,"bajo",5,"sí",3,"MEDIO","PUBL","Media",0,1,1
"874",6053,"PUBL-MEDIO","1",12,1,1,"medio",7,"no",2,"MEDIO","PUBL","Media",1,1,0
"875",6054,"PUBL-MEDIO","1",12,0,1,"alto",4,"no",3,"MEDIO","PUBL","Media",2,1,1
"876",6055,"PUBL-MEDIO","1",12,0,1,"medio",4,"no",3,"MEDIO","PUBL","Media",1,1,1
"877",6056,"PUBL-MEDIO","1",12,0,1,"medio",6,"no",4,"MEDIO","PUBL","Media",1,1,2
"878",6057,"PUBL-MEDIO","1",12,0,2,"bajo",7,"no",3,"MEDIO","PUBL","Media",0,1,1
"879",6058,"PUBL-MEDIO","1",12,0,1,"bajo",8,"no",2,"MEDIO","PUBL","Alta",0,2,0
"880",6059,"PUBL-MEDIO","1",14,1,1,"medio",5,"no",5,"MEDIO","PUBL","Media",1,1,2
"881",6101,"PUBL-MEDIO","1",13,1,2,"medio",7,"sí",4,"MEDIO","PUBL","Media",1,1,2
"882",6102,"PUBL-MEDIO","1",13,1,1,"medio",7,"no",4,"MEDIO","PUBL","Media",1,1,2
"883",6103,"PUBL-MEDIO","1",12,1,1,"alto",8,"no",2,"MEDIO","PUBL","Alta",2,2,0
"884",6104,"PUBL-MEDIO","1",12,1,1,"medio",8,"no",5,"MEDIO","PUBL","Alta",1,2,2
"885",6105,"PUBL-MEDIO","1",12,1,3,"medio",9,"no",5,"MEDIO","PUBL","Alta",1,2,2
"886",6106,"PUBL-MEDIO","1",13,0,2,"bajo",3,"no",2,"MEDIO","PUBL","Baja",0,0,0
"887",6108,"PUBL-MEDIO","1",13,0,1,"bajo",5,"no",2,"MEDIO","PUBL","Media",0,1,0
"888",6109,"PUBL-MEDIO","1",14,1,1,"medio",4,"sí",5,"MEDIO","PUBL","Media",1,1,2
"889",6111,"PUBL-MEDIO","1",12,1,3,"medio",8,"no",4,"MEDIO","PUBL","Alta",1,2,2
"890",6113,"PUBL-MEDIO","1",12,1,0,"alto",8,"no",4,"MEDIO","PUBL","Alta",2,2,2
"891",6114,"PUBL-MEDIO","1",13,1,0,"bajo",6,"no",4,"MEDIO","PUBL","Media",0,1,2
"892",6115,"PUBL-MEDIO","1",12,1,2,"bajo",3,"sí",3,"MEDIO","PUBL","Baja",0,0,1
"893",6116,"PUBL-MEDIO","1",12,0,3,"bajo",5,"no",5,"MEDIO","PUBL","Media",0,1,2
"894",6117,"PUBL-MEDIO","1",13,0,2,"medio",10,"sí",3,"MEDIO","PUBL","Alta",1,2,1
"895",6118,"PUBL-MEDIO","1",13,0,2,"medio",8,"no",2,"MEDIO","PUBL","Alta",1,2,0
"896",6119,"PUBL-MEDIO","1",12,1,1,"bajo",8,"no",3,"MEDIO","PUBL","Alta",0,2,1
"897",6120,"PUBL-MEDIO","1",12,1,3,"bajo",8,"no",3,"MEDIO","PUBL","Alta",0,2,1
"898",6121,"PUBL-MEDIO","1",13,1,1,"medio",7,"no",4,"MEDIO","PUBL","Media",1,1,2
"899",6122,"PUBL-MEDIO","1",12,1,0,"medio",7,"no",5,"MEDIO","PUBL","Media",1,1,2
"900",6123,"PUBL-MEDIO","1",13,0,1,"medio",6,"no",5,"MEDIO","PUBL","Media",1,1,2
"901",6124,"PUBL-MEDIO","1",13,0,3,"medio",8,"sí",4,"MEDIO","PUBL","Alta",1,2,2
"902",6125,"PUBL-MEDIO","1",12,0,1,"alto",10,"no",3,"MEDIO","PUBL","Alta",2,2,1
"903",6126,"PUBL-MEDIO","1",12,1,1,"medio",7,"no",5,"MEDIO","PUBL","Media",1,1,2
"904",6127,"PUBL-MEDIO","1",13,1,2,"bajo",8,"no",4,"MEDIO","PUBL","Alta",0,2,2
"905",6128,"PUBL-MEDIO","1",12,1,1,"bajo",8,"no",3,"MEDIO","PUBL","Alta",0,2,1
"906",6129,"PUBL-MEDIO","1",12,0,3,"bajo",8,"no",3,"MEDIO","PUBL","Alta",0,2,1
"907",6151,"PUBL-MEDIO","1",12,1,1,"medio",5,"no",4,"MEDIO","PUBL","Media",1,1,2
"908",6152,"PUBL-MEDIO","1",12,0,1,"alto",8,"no",4,"MEDIO","PUBL","Alta",2,2,2
"909",6153,"PUBL-MEDIO","1",13,0,1,"bajo",6,"no",4,"MEDIO","PUBL","Media",0,1,2
"910",6154,"PUBL-MEDIO","1",12,1,1,"medio",7,"sí",4,"MEDIO","PUBL","Media",1,1,2
"911",6155,"PUBL-MEDIO","1",12,0,1,"alto",7,"no",5,"MEDIO","PUBL","Media",2,1,2
"912",6156,"PUBL-MEDIO","1",12,0,3,"medio",7,"no",4,"MEDIO","PUBL","Media",1,1,2
"913",6157,"PUBL-MEDIO","1",12,0,2,"alto",8,"sí",4,"MEDIO","PUBL","Alta",2,2,2
"914",6158,"PUBL-MEDIO","1",12,0,2,"alto",10,"sí",4,"MEDIO","PUBL","Alta",2,2,2
"915",6159,"PUBL-MEDIO","1",13,1,1,"alto",6,"no",4,"MEDIO","PUBL","Media",2,1,2
"916",6160,"PUBL-MEDIO","1",14,0,3,"bajo",4,"no",3,"MEDIO","PUBL","Media",0,1,1
"917",6161,"PUBL-MEDIO","1",12,1,2,"alto",7,"no",4,"MEDIO","PUBL","Media",2,1,2
"918",6162,"PUBL-MEDIO","1",13,1,2,"medio",6,"no",3,"MEDIO","PUBL","Media",1,1,1
"919",6163,"PUBL-MEDIO","1",12,0,2,"medio",6,"no",4,"MEDIO","PUBL","Media",1,1,2
"920",6164,"PUBL-MEDIO","1",12,1,2,"alto",5,"no",3,"MEDIO","PUBL","Media",2,1,1
"921",6165,"PUBL-MEDIO","1",12,1,2,"alto",6,"sí",4,"MEDIO","PUBL","Media",2,1,2
"922",6166,"PUBL-MEDIO","1",13,1,1,"bajo",6,"no",5,"MEDIO","PUBL","Media",0,1,2
"923",6167,"PUBL-MEDIO","1",13,1,2,"bajo",6,"no",4,"MEDIO","PUBL","Media",0,1,2
"924",6168,"PUBL-MEDIO","1",12,1,1,"alto",5,"no",2,"MEDIO","PUBL","Media",2,1,0
"925",6169,"PUBL-MEDIO","1",12,0,2,"medio",7,"sí",3,"MEDIO","PUBL","Media",1,1,1
"926",6201,"PUBL-MEDIO","1",12,0,2,"medio",6,"no",4,"MEDIO","PUBL","Media",1,1,2
"927",6202,"PUBL-MEDIO","1",12,1,2,"alto",4,"sí",4,"MEDIO","PUBL","Media",2,1,2
"928",6203,"PUBL-MEDIO","1",13,0,1,"medio",7,"sí",3,"MEDIO","PUBL","Media",1,1,1
"929",6204,"PUBL-MEDIO","1",12,0,0,"medio",7,"no",2,"MEDIO","PUBL","Media",1,1,0
"930",6205,"PUBL-MEDIO","1",12,0,1,"bajo",4,"no",1,"MEDIO","PUBL","Media",0,1,0
"931",6206,"PUBL-MEDIO","1",13,1,1,"bajo",8,"no",5,"MEDIO","PUBL","Alta",0,2,2
"932",6207,"PUBL-MEDIO","1",12,0,1,"medio",5,"sí",3,"MEDIO","PUBL","Media",1,1,1
"933",6208,"PUBL-MEDIO","1",13,1,1,"medio",4,"no",4,"MEDIO","PUBL","Media",1,1,2
"934",6209,"PUBL-MEDIO","1",12,0,2,"bajo",3,"sí",4,"MEDIO","PUBL","Baja",0,0,2
"935",6210,"PUBL-MEDIO","1",12,0,1,"medio",7,"no",3,"MEDIO","PUBL","Media",1,1,1
"936",6211,"PUBL-MEDIO","1",12,1,1,"medio",8,"no",4,"MEDIO","PUBL","Alta",1,2,2
"937",6212,"PUBL-MEDIO","1",13,0,1,"alto",5,"no",4,"MEDIO","PUBL","Media",2,1,2
"938",6213,"PUBL-MEDIO","1",13,0,0,"alto",8,"no",3,"MEDIO","PUBL","Alta",2,2,1
"939",6214,"PUBL-MEDIO","1",13,1,1,"bajo",7,"sí",3,"MEDIO","PUBL","Media",0,1,1
"940",6215,"PUBL-MEDIO","1",13,1,1,"medio",7,"no",5,"MEDIO","PUBL","Media",1,1,2
"941",6216,"PUBL-MEDIO","1",13,1,3,"medio",5,"no",3,"MEDIO","PUBL","Media",1,1,1
"942",6251,"PUBL-MEDIO","1",12,0,1,"alto",8,"no",4,"MEDIO","PUBL","Alta",2,2,2
"943",6252,"PUBL-MEDIO","1",12,0,0,"alto",8,"sí",3,"MEDIO","PUBL","Alta",2,2,1
"944",6253,"PUBL-MEDIO","1",13,1,3,"bajo",8,"no",5,"MEDIO","PUBL","Alta",0,2,2
"945",6254,"PUBL-MEDIO","1",13,0,2,"alto",9,"sí",3,"MEDIO","PUBL","Alta",2,2,1
"946",6255,"PUBL-MEDIO","1",12,0,2,"medio",9,"no",2,"MEDIO","PUBL","Alta",1,2,0
"947",6256,"PUBL-MEDIO","1",15,1,1,"medio",6,"no",4,"MEDIO","PUBL","Media",1,1,2
"948",6257,"PUBL-MEDIO","1",13,0,1,"alto",8,"no",4,"MEDIO","PUBL","Alta",2,2,2
"949",6258,"PUBL-MEDIO","1",13,0,1,"medio",9,"no",3,"MEDIO","PUBL","Alta",1,2,1
"950",6259,"PUBL-MEDIO","1",16,0,2,"alto",8,"no",5,"MEDIO","PUBL","Alta",2,2,2
"951",6260,"PUBL-MEDIO","1",12,0,1,"bajo",5,"no",5,"MEDIO","PUBL","Media",0,1,2
"952",6261,"PUBL-MEDIO","1",13,0,1,"medio",1,"no",2,"MEDIO","PUBL","Baja",1,0,0
"953",6262,"PUBL-MEDIO","1",13,1,1,"medio",5,"no",3,"MEDIO","PUBL","Media",1,1,1
"954",6263,"PUBL-MEDIO","1",12,0,1,"bajo",4,"no",4,"MEDIO","PUBL","Media",0,1,2
"955",6264,"PUBL-MEDIO","1",14,1,1,"alto",9,"no",4,"MEDIO","PUBL","Alta",2,2,2
"956",6265,"PUBL-MEDIO","1",12,0,1,"alto",8,"no",5,"MEDIO","PUBL","Alta",2,2,2
"957",6266,"PUBL-MEDIO","1",13,0,3,"medio",5,"sí",3,"MEDIO","PUBL","Media",1,1,1
"958",6267,"PUBL-MEDIO","1",12,0,3,"medio",5,"no",3,"MEDIO","PUBL","Media",1,1,1
"959",6268,"PUBL-MEDIO","1",12,0,1,"bajo",3,"no",3,"MEDIO","PUBL","Baja",0,0,1
"960",6269,"PUBL-MEDIO","1",12,1,1,"medio",6,"sí",5,"MEDIO","PUBL","Media",1,1,2
"961",6270,"PUBL-MEDIO","1",12,1,2,"bajo",8,"no",3,"MEDIO","PUBL","Alta",0,2,1
"962",6271,"PUBL-MEDIO","1",12,1,2,"medio",7,"sí",4,"MEDIO","PUBL","Media",1,1,2
"963",6272,"PUBL-MEDIO","1",13,1,1,"alto",10,"no",3,"MEDIO","PUBL","Alta",2,2,1
"964",6273,"PUBL-MEDIO","1",13,1,3,"alto",5,"no",4,"MEDIO","PUBL","Media",2,1,2
"965",6274,"PUBL-MEDIO","1",12,0,2,"alto",6,"sí",5,"MEDIO","PUBL","Media",2,1,2
"966",6275,"PUBL-MEDIO","1",12,0,3,"medio",5,"sí",3,"MEDIO","PUBL","Media",1,1,1
"967",6276,"PUBL-MEDIO","1",15,1,1,"bajo",5,"no",4,"MEDIO","PUBL","Media",0,1,2
"968",6277,"PUBL-MEDIO","1",12,1,2,"alto",8,"no",3,"MEDIO","PUBL","Alta",2,2,1
"969",6278,"PUBL-MEDIO","1",12,1,1,"medio",6,"sí",5,"MEDIO","PUBL","Media",1,1,2
"970",6301,"PUBL-MEDIO","2",14,0,0,"medio",7,"no",4,"MEDIO","PUBL","Media",1,1,2
"971",6303,"PUBL-MEDIO","2",15,1,0,"alto",8,"sí",5,"MEDIO","PUBL","Alta",2,2,2
"972",6304,"PUBL-MEDIO","2",14,0,1,"alto",7,"no",3,"MEDIO","PUBL","Media",2,1,1
"973",6305,"PUBL-MEDIO","2",14,0,1,"medio",7,"sí",4,"MEDIO","PUBL","Media",1,1,2
"974",6308,"PUBL-MEDIO","2",14,2,1,"bajo",5,"no",2,"MEDIO","PUBL","Media",0,1,0
"975",6309,"PUBL-MEDIO","2",14,1,1,"alto",6,"sí",4,"MEDIO","PUBL","Media",2,1,2
"976",6310,"PUBL-MEDIO","2",13,0,2,"medio",8,"no",3,"MEDIO","PUBL","Alta",1,2,1
"977",6311,"PUBL-MEDIO","2",13,1,1,"bajo",6,"no",4,"MEDIO","PUBL","Media",0,1,2
"978",6312,"PUBL-MEDIO","2",13,1,1,"medio",7,"no",5,"MEDIO","PUBL","Media",1,1,2
"979",6314,"PUBL-MEDIO","2",13,0,2,"bajo",5,"no",4,"MEDIO","PUBL","Media",0,1,2
"980",6316,"PUBL-MEDIO","2",14,0,2,"alto",8,"no",3,"MEDIO","PUBL","Alta",2,2,1
"981",6317,"PUBL-MEDIO","2",14,0,1,"medio",7,"no",3,"MEDIO","PUBL","Media",1,1,1
"982",6318,"PUBL-MEDIO","2",14,0,3,"medio",5,"no",3,"MEDIO","PUBL","Media",1,1,1
"983",6319,"PUBL-MEDIO","2",13,0,2,"bajo",5,"no",2,"MEDIO","PUBL","Media",0,1,0
"984",6320,"PUBL-MEDIO","2",13,1,1,"alto",9,"no",3,"MEDIO","PUBL","Alta",2,2,1
"985",6321,"PUBL-MEDIO","2",15,1,1,"medio",4,"no",5,"MEDIO","PUBL","Media",1,1,2
"986",6322,"PUBL-MEDIO","2",14,1,2,"medio",4,"sí",5,"MEDIO","PUBL","Media",1,1,2
"987",6323,"PUBL-MEDIO","2",14,0,2,"alto",6,"no",4,"MEDIO","PUBL","Media",2,1,2
"988",6324,"PUBL-MEDIO","2",14,0,2,"medio",6,"no",5,"MEDIO","PUBL","Media",1,1,2
"989",6351,"PUBL-MEDIO","2",13,0,1,"medio",7,"no",2,"MEDIO","PUBL","Media",1,1,0
"990",6352,"PUBL-MEDIO","2",13,0,1,"medio",4,"no",3,"MEDIO","PUBL","Media",1,1,1
"991",6353,"PUBL-MEDIO","2",13,1,1,"medio",3,"no",4,"MEDIO","PUBL","Baja",1,0,2
"992",6354,"PUBL-MEDIO","2",14,1,2,"medio",6,"no",3,"MEDIO","PUBL","Media",1,1,1
"993",6355,"PUBL-MEDIO","2",15,1,2,"alto",8,"no",5,"MEDIO","PUBL","Alta",2,2,2
"994",6356,"PUBL-MEDIO","2",14,1,3,"alto",7,"no",3,"MEDIO","PUBL","Media",2,1,1
"995",6357,"PUBL-MEDIO","2",14,2,1,"medio",6,"no",1,"MEDIO","PUBL","Media",1,1,0
"996",6358,"PUBL-MEDIO","2",13,0,1,"bajo",5,"no",3,"MEDIO","PUBL","Media",0,1,1
"997",6359,"PUBL-MEDIO","2",13,0,3,"medio",7,"no",5,"MEDIO","PUBL","Media",1,1,2
"998",6360,"PUBL-MEDIO","2",13,0,2,"medio",5,"no",2,"MEDIO","PUBL","Media",1,1,0
"999",6361,"PUBL-MEDIO","2",13,0,1,"medio",4,"no",2,"MEDIO","PUBL","Media",1,1,0
"1000",6362,"PUBL-MEDIO","2",14,0,1,"bajo",5,"sí",2,"MEDIO","PUBL","Media",0,1,0
"1001",6363,"PUBL-MEDIO","2",13,1,1,"medio",8,"no",5,"MEDIO","PUBL","Alta",1,2,2
"1002",6364,"PUBL-MEDIO","2",13,0,2,"medio",8,"no",1,"MEDIO","PUBL","Alta",1,2,0
"1003",6365,"PUBL-MEDIO","2",13,1,0,"bajo",5,"no",4,"MEDIO","PUBL","Media",0,1,2
"1004",6366,"PUBL-MEDIO","2",13,1,2,"medio",5,"no",4,"MEDIO","PUBL","Media",1,1,2
"1005",6367,"PUBL-MEDIO","2",14,1,0,"alto",10,"no",5,"MEDIO","PUBL","Alta",2,2,2
"1006",6368,"PUBL-MEDIO","2",14,0,2,"alto",5,"no",5,"MEDIO","PUBL","Media",2,1,2
"1007",6369,"PUBL-MEDIO","2",14,0,3,"bajo",5,"no",3,"MEDIO","PUBL","Media",0,1,1
"1008",6370,"PUBL-MEDIO","2",14,0,3,"medio",5,"no",2,"MEDIO","PUBL","Media",1,1,0
"1009",6371,"PUBL-MEDIO","2",13,0,3,"medio",4,"no",4,"MEDIO","PUBL","Media",1,1,2
"1010",6372,"PUBL-MEDIO","2",13,0,1,"bajo",5,"no",2,"MEDIO","PUBL","Media",0,1,0
"1011",6373,"PUBL-MEDIO","2",14,0,1,"bajo",7,"no",3,"MEDIO","PUBL","Media",0,1,1
"1012",6401,"PUBL-MEDIO","2",13,1,2,"medio",4,"no",5,"MEDIO","PUBL","Media",1,1,2
"1013",6402,"PUBL-MEDIO","2",13,0,1,"bajo",7,"no",5,"MEDIO","PUBL","Media",0,1,2
"1014",6403,"PUBL-MEDIO","2",14,1,2,"alto",6,"no",2,"MEDIO","PUBL","Media",2,1,0
"1015",6404,"PUBL-MEDIO","2",13,1,2,"alto",8,"no",4,"MEDIO","PUBL","Alta",2,2,2
"1016",6405,"PUBL-MEDIO","2",14,0,1,"bajo",6,"no",1,"MEDIO","PUBL","Media",0,1,0
"1017",6406,"PUBL-MEDIO","2",14,1,1,"medio",7,"no",5,"MEDIO","PUBL","Media",1,1,2
"1018",6407,"PUBL-MEDIO","2",15,1,1,"medio",7,"no",5,"MEDIO","PUBL","Media",1,1,2
"1019",6408,"PUBL-MEDIO","2",13,0,2,"medio",8,"no",3,"MEDIO","PUBL","Alta",1,2,1
"1020",6409,"PUBL-MEDIO","2",14,1,1,"medio",6,"no",4,"MEDIO","PUBL","Media",1,1,2
"1021",6410,"PUBL-MEDIO","2",13,0,2,"medio",6,"no",5,"MEDIO","PUBL","Media",1,1,2
"1022",6411,"PUBL-MEDIO","2",14,0,1,"medio",8,"no",3,"MEDIO","PUBL","Alta",1,2,1
"1023",6412,"PUBL-MEDIO","2",13,1,1,"bajo",3,"no",4,"MEDIO","PUBL","Baja",0,0,2
"1024",6413,"PUBL-MEDIO","2",13,1,2,"medio",8,"no",3,"MEDIO","PUBL","Alta",1,2,1
"1025",6414,"PUBL-MEDIO","2",14,0,1,"medio",4,"no",3,"MEDIO","PUBL","Media",1,1,1
"1026",6415,"PUBL-MEDIO","2",15,0,0,"bajo",7,"no",1,"MEDIO","PUBL","Media",0,1,0
"1027",6416,"PUBL-MEDIO","2",14,0,2,"alto",7,"no",3,"MEDIO","PUBL","Media",2,1,1
"1028",6417,"PUBL-MEDIO","2",13,1,1,"medio",5,"sí",4,"MEDIO","PUBL","Media",1,1,2
"1029",6418,"PUBL-MEDIO","2",14,1,3,"medio",7,"no",4,"MEDIO","PUBL","Media",1,1,2
"1030",6419,"PUBL-MEDIO","2",14,0,3,"bajo",6,"sí",3,"MEDIO","PUBL","Media",0,1,1
"1031",6420,"PUBL-MEDIO","2",13,0,3,"medio",6,"no",2,"MEDIO","PUBL","Media",1,1,0
"1032",6421,"PUBL-MEDIO","2",15,0,3,"bajo",8,"no",2,"MEDIO","PUBL","Alta",0,2,0
"1033",6451,"PUBL-MEDIO","2",15,0,2,"medio",8,"no",4,"MEDIO","PUBL","Alta",1,2,2
"1034",6452,"PUBL-MEDIO","2",15,0,1,"bajo",6,"no",3,"MEDIO","PUBL","Media",0,1,1
"1035",6453,"PUBL-MEDIO","2",15,0,1,"bajo",8,"no",3,"MEDIO","PUBL","Alta",0,2,1
"1036",6454,"PUBL-MEDIO","2",13,1,2,"alto",9,"no",4,"MEDIO","PUBL","Alta",2,2,2
"1037",6455,"PUBL-MEDIO","2",14,1,1,"medio",5,"no",3,"MEDIO","PUBL","Media",1,1,1
"1038",6456,"PUBL-MEDIO","2",13,2,1,"medio",5,"no",2,"MEDIO","PUBL","Media",1,1,0
"1039",6457,"PUBL-MEDIO","2",14,0,1,"bajo",6,"no",2,"MEDIO","PUBL","Media",0,1,0
"1040",6458,"PUBL-MEDIO","2",14,0,1,"bajo",6,"no",3,"MEDIO","PUBL","Media",0,1,1
"1041",6459,"PUBL-MEDIO","2",13,0,0,"medio",6,"no",3,"MEDIO","PUBL","Media",1,1,1
"1042",6460,"PUBL-MEDIO","2",16,1,1,"bajo",5,"no",2,"MEDIO","PUBL","Media",0,1,0
"1043",6461,"PUBL-MEDIO","2",15,1,1,"medio",5,"no",4,"MEDIO","PUBL","Media",1,1,2
"1044",6462,"PUBL-MEDIO","2",13,1,1,"bajo",5,"no",5,"MEDIO","PUBL","Media",0,1,2
"1045",6463,"PUBL-MEDIO","2",15,1,1,"medio",10,"no",4,"MEDIO","PUBL","Alta",1,2,2
"1046",6464,"PUBL-MEDIO","2",14,0,3,"medio",9,"no",2,"MEDIO","PUBL","Alta",1,2,0
"1047",6465,"PUBL-MEDIO","2",14,0,2,"bajo",3,"sí",4,"MEDIO","PUBL","Baja",0,0,2
"1048",6466,"PUBL-MEDIO","2",14,1,2,"alto",8,"sí",5,"MEDIO","PUBL","Alta",2,2,2
"1049",6467,"PUBL-MEDIO","2",13,1,1,"alto",9,"no",4,"MEDIO","PUBL","Alta",2,2,2
"1050",6468,"PUBL-MEDIO","2",13,0,1,"alto",6,"no",2,"MEDIO","PUBL","Media",2,1,0
"1051",6469,"PUBL-MEDIO","2",16,1,0,"medio",7,"no",3,"MEDIO","PUBL","Media",1,1,1
"1052",6470,"PUBL-MEDIO","2",15,1,1,"alto",8,"sí",5,"MEDIO","PUBL","Alta",2,2,2
"1053",6471,"PUBL-MEDIO","2",13,0,3,"bajo",6,"no",3,"MEDIO","PUBL","Media",0,1,1
"1054",6473,"PUBL-MEDIO","2",13,0,3,"medio",6,"no",3,"MEDIO","PUBL","Media",1,1,1
"1055",6474,"PUBL-MEDIO","2",13,1,2,"medio",8,"no",3,"MEDIO","PUBL","Alta",1,2,1
"1056",6475,"PUBL-MEDIO","2",13,0,1,"medio",5,"no",1,"MEDIO","PUBL","Media",1,1,0
"1057",6476,"PUBL-MEDIO","2",14,1,1,"alto",5,"no",3,"MEDIO","PUBL","Media",2,1,1
"1058",6477,"PUBL-MEDIO","2",15,1,3,"medio",10,"no",3,"MEDIO","PUBL","Alta",1,2,1
