Source,Target,Distance,num_paths,initial_config,final_config,path,search_depth,chunks,vals_str
00,01,6,2,Partial,Partial,"[[0, 15, 11, 22, 28, 17, 1], [0, 15, 26, 20, 9, 17, 1]]",NA,NA,NA
00,02,5,2,Partial,Partial,"[[0, 6, 27, 21, 8, 2], [0, 6, 19, 25, 8, 2]]",NA,NA,NA
00,03,5,1,Partial,Partial,"[[0, 15, 26, 20, 9, 3]]",3,1,SSGGG
00,04,5,1,Partial,Partial,"[[0, 6, 19, 25, 12, 4]]",3,1,SSGGG
00,05,3,2,Partial,Partial,"[[0, 15, 11, 5], [0, 6, 14, 5]]",NA,NA,NA
00,06,1,1,Partial,Flat,"[[0, 6]]",1,0,G
00,07,7,3,Partial,Flat,"[[0, 15, 11, 22, 28, 17, 1, 7], [0, 15, 26, 20, 9, 17, 1, 7], [0, 15, 26, 20, 9, 3, 16, 7]]",NA,NA,NA
00,08,4,2,Partial,Flat,"[[0, 6, 27, 21, 8], [0, 6, 19, 25, 8]]",NA,NA,NA
00,09,4,1,Partial,Flat,"[[0, 15, 26, 20, 9]]",1,1,GSGG
00,10,6,1,Partial,Flat,"[[0, 6, 19, 25, 12, 4, 10]]",3,2,SSGSGG
00,11,2,1,Partial,Flat,"[[0, 15, 11]]",1,0,GG
00,12,4,1,Partial,Partial,"[[0, 6, 19, 25, 12]]",1,1,GSGG
00,13,6,2,Partial,Partial,"[[0, 6, 27, 21, 8, 2, 13], [0, 6, 19, 25, 8, 2, 13]]",NA,NA,NA
00,14,2,1,Partial,Partial,"[[0, 6, 14]]",1,0,GG
00,15,1,1,Partial,Partial,"[[0, 15]]",1,0,G
00,16,6,1,Partial,Partial,"[[0, 15, 26, 20, 9, 3, 16]]",4,1,SSSGGG
00,17,5,2,Partial,Partial,"[[0, 15, 11, 22, 28, 17], [0, 15, 26, 20, 9, 17]]",NA,NA,NA
00,18,8,6,Partial,Partial,"[[0, 15, 11, 22, 28, 17, 1, 7, 18], [0, 15, 26, 20, 9, 17, 1, 7, 18], [0, 15, 26, 20, 9, 3, 16, 7, 18], [0, 6, 27, 21, 8, 2, 13, 24, 18], [0, 6, 19, 25, 8, 2, 13, 24, 18], [0, 6, 19, 25, 12, 4, 10, 24, 18]]",NA,NA,NA
00,19,2,1,Partial,Partial,"[[0, 6, 19]]",1,0,GG
00,20,3,1,Partial,Partial,"[[0, 15, 26, 20]]",1,0,GGG
00,21,3,1,Partial,Partial,"[[0, 6, 27, 21]]",1,0,GGG
00,22,3,1,Partial,Partial,"[[0, 15, 11, 22]]",1,0,GGG
00,23,7,1,Partial,Partial,"[[0, 6, 19, 25, 12, 4, 10, 23]]",5,1,SSSSGGG
00,24,7,3,Partial,Partial,"[[0, 6, 27, 21, 8, 2, 13, 24], [0, 6, 19, 25, 8, 2, 13, 24], [0, 6, 19, 25, 12, 4, 10, 24]]",NA,NA,NA
00,25,3,1,Partial,Partial,"[[0, 6, 19, 25]]",1,0,GGG
00,26,2,1,Partial,Partial,"[[0, 15, 26]]",1,0,GG
00,27,2,1,Partial,Partial,"[[0, 6, 27]]",1,0,GG
00,28,4,1,Partial,Partial,"[[0, 15, 11, 22, 28]]",1,1,GSGG
00,29,7,1,Partial,Partial,"[[0, 15, 26, 20, 9, 3, 16, 29]]",4,2,SSSGSGG
00,30,4,1,Partial,Tower,"[[0, 15, 11, 22, 30]]",1,1,GSGG
00,31,3,1,Partial,Tower,"[[0, 15, 26, 31]]",1,0,GGG
00,32,8,2,Partial,Tower,"[[0, 15, 26, 20, 9, 3, 16, 29, 32], [0, 6, 19, 25, 12, 4, 10, 23, 32]]",NA,NA,NA
00,33,8,3,Partial,Tower,"[[0, 6, 27, 21, 8, 2, 13, 24, 33], [0, 6, 19, 25, 8, 2, 13, 24, 33], [0, 6, 19, 25, 12, 4, 10, 24, 33]]",NA,NA,NA
00,34,3,1,Partial,Tower,"[[0, 6, 27, 34]]",1,0,GGG
00,35,3,1,Partial,Tower,"[[0, 6, 19, 35]]",1,0,GGG
01,00,6,2,Partial,Partial,"[[1, 17, 9, 20, 26, 15, 0], [1, 17, 28, 22, 11, 15, 0]]",NA,NA,NA
01,02,5,1,Partial,Partial,"[[1, 7, 18, 24, 13, 2]]",3,1,SSGGG
01,03,3,2,Partial,Partial,"[[1, 17, 9, 3], [1, 7, 16, 3]]",NA,NA,NA
01,04,5,2,Partial,Partial,"[[1, 7, 29, 23, 10, 4], [1, 7, 18, 24, 10, 4]]",NA,NA,NA
01,05,5,1,Partial,Partial,"[[1, 17, 28, 22, 11, 5]]",3,1,SSGGG
01,06,7,3,Partial,Flat,"[[1, 17, 9, 20, 26, 15, 0, 6], [1, 17, 28, 22, 11, 15, 0, 6], [1, 17, 28, 22, 11, 5, 14, 6]]",NA,NA,NA
01,07,1,1,Partial,Flat,"[[1, 7]]",1,0,G
01,08,6,1,Partial,Flat,"[[1, 7, 18, 24, 13, 2, 8]]",3,2,SSGSGG
01,09,2,1,Partial,Flat,"[[1, 17, 9]]",1,0,GG
01,10,4,2,Partial,Flat,"[[1, 7, 29, 23, 10], [1, 7, 18, 24, 10]]",NA,NA,NA
01,11,4,1,Partial,Flat,"[[1, 17, 28, 22, 11]]",1,1,GSGG
01,12,6,2,Partial,Partial,"[[1, 7, 29, 23, 10, 4, 12], [1, 7, 18, 24, 10, 4, 12]]",NA,NA,NA
01,13,4,1,Partial,Partial,"[[1, 7, 18, 24, 13]]",1,1,GSGG
01,14,6,1,Partial,Partial,"[[1, 17, 28, 22, 11, 5, 14]]",4,1,SSSGGG
01,15,5,2,Partial,Partial,"[[1, 17, 9, 20, 26, 15], [1, 17, 28, 22, 11, 15]]",NA,NA,NA
01,16,2,1,Partial,Partial,"[[1, 7, 16]]",1,0,GG
01,17,1,1,Partial,Partial,"[[1, 17]]",1,0,G
01,18,2,1,Partial,Partial,"[[1, 7, 18]]",1,0,GG
01,19,8,6,Partial,Partial,"[[1, 17, 9, 20, 26, 15, 0, 6, 19], [1, 17, 28, 22, 11, 15, 0, 6, 19], [1, 17, 28, 22, 11, 5, 14, 6, 19], [1, 7, 29, 23, 10, 4, 12, 25, 19], [1, 7, 18, 24, 10, 4, 12, 25, 19], [1, 7, 18, 24, 13, 2, 8, 25, 19]]",NA,NA,NA
01,20,3,1,Partial,Partial,"[[1, 17, 9, 20]]",1,0,GGG
01,21,7,1,Partial,Partial,"[[1, 7, 18, 24, 13, 2, 8, 21]]",5,1,SSSSGGG
01,22,3,1,Partial,Partial,"[[1, 17, 28, 22]]",1,0,GGG
01,23,3,1,Partial,Partial,"[[1, 7, 29, 23]]",1,0,GGG
01,24,3,1,Partial,Partial,"[[1, 7, 18, 24]]",1,0,GGG
01,25,7,3,Partial,Partial,"[[1, 7, 29, 23, 10, 4, 12, 25], [1, 7, 18, 24, 10, 4, 12, 25], [1, 7, 18, 24, 13, 2, 8, 25]]",NA,NA,NA
01,26,4,1,Partial,Partial,"[[1, 17, 9, 20, 26]]",1,1,GSGG
01,27,7,1,Partial,Partial,"[[1, 17, 28, 22, 11, 5, 14, 27]]",4,2,SSSGSGG
01,28,2,1,Partial,Partial,"[[1, 17, 28]]",1,0,GG
01,29,2,1,Partial,Partial,"[[1, 7, 29]]",1,0,GG
01,30,3,1,Partial,Tower,"[[1, 17, 28, 30]]",1,0,GGG
01,31,4,1,Partial,Tower,"[[1, 17, 9, 20, 31]]",1,1,GSGG
01,32,3,1,Partial,Tower,"[[1, 7, 29, 32]]",1,0,GGG
01,33,3,1,Partial,Tower,"[[1, 7, 18, 33]]",1,0,GGG
01,34,8,2,Partial,Tower,"[[1, 17, 28, 22, 11, 5, 14, 27, 34], [1, 7, 18, 24, 13, 2, 8, 21, 34]]",NA,NA,NA
01,35,8,3,Partial,Tower,"[[1, 7, 29, 23, 10, 4, 12, 25, 35], [1, 7, 18, 24, 10, 4, 12, 25, 35], [1, 7, 18, 24, 13, 2, 8, 25, 35]]",NA,NA,NA
02,00,5,2,Partial,Partial,"[[2, 8, 25, 19, 6, 0], [2, 8, 21, 27, 6, 0]]",NA,NA,NA
02,01,5,1,Partial,Partial,"[[2, 13, 24, 18, 7, 1]]",3,1,SSGGG
02,03,6,2,Partial,Partial,"[[2, 13, 10, 23, 29, 16, 3], [2, 13, 24, 18, 7, 16, 3]]",NA,NA,NA
02,04,3,2,Partial,Partial,"[[2, 13, 10, 4], [2, 8, 12, 4]]",NA,NA,NA
02,05,5,1,Partial,Partial,"[[2, 8, 21, 27, 14, 5]]",3,1,SSGGG
02,06,4,2,Partial,Flat,"[[2, 8, 25, 19, 6], [2, 8, 21, 27, 6]]",NA,NA,NA
02,07,4,1,Partial,Flat,"[[2, 13, 24, 18, 7]]",1,1,GSGG
02,08,1,1,Partial,Flat,"[[2, 8]]",1,0,G
02,09,7,3,Partial,Flat,"[[2, 13, 10, 23, 29, 16, 3, 9], [2, 13, 24, 18, 7, 16, 3, 9], [2, 13, 24, 18, 7, 1, 17, 9]]",NA,NA,NA
02,10,2,1,Partial,Flat,"[[2, 13, 10]]",1,0,GG
02,11,6,1,Partial,Flat,"[[2, 8, 21, 27, 14, 5, 11]]",3,2,SSGSGG
02,12,2,1,Partial,Partial,"[[2, 8, 12]]",1,0,GG
02,13,1,1,Partial,Partial,"[[2, 13]]",1,0,G
02,14,4,1,Partial,Partial,"[[2, 8, 21, 27, 14]]",1,1,GSGG
02,15,6,2,Partial,Partial,"[[2, 8, 25, 19, 6, 0, 15], [2, 8, 21, 27, 6, 0, 15]]",NA,NA,NA
02,16,5,2,Partial,Partial,"[[2, 13, 10, 23, 29, 16], [2, 13, 24, 18, 7, 16]]",NA,NA,NA
02,17,6,1,Partial,Partial,"[[2, 13, 24, 18, 7, 1, 17]]",4,1,SSSGGG
02,18,3,1,Partial,Partial,"[[2, 13, 24, 18]]",1,0,GGG
02,19,3,1,Partial,Partial,"[[2, 8, 25, 19]]",1,0,GGG
02,20,8,6,Partial,Partial,"[[2, 13, 10, 23, 29, 16, 3, 9, 20], [2, 13, 24, 18, 7, 16, 3, 9, 20], [2, 13, 24, 18, 7, 1, 17, 9, 20], [2, 8, 25, 19, 6, 0, 15, 26, 20], [2, 8, 21, 27, 6, 0, 15, 26, 20], [2, 8, 21, 27, 14, 5, 11, 26, 20]]",NA,NA,NA
02,21,2,1,Partial,Partial,"[[2, 8, 21]]",1,0,GG
02,22,7,1,Partial,Partial,"[[2, 8, 21, 27, 14, 5, 11, 22]]",5,1,SSSSGGG
02,23,3,1,Partial,Partial,"[[2, 13, 10, 23]]",1,0,GGG
02,24,2,1,Partial,Partial,"[[2, 13, 24]]",1,0,GG
02,25,2,1,Partial,Partial,"[[2, 8, 25]]",1,0,GG
02,26,7,3,Partial,Partial,"[[2, 8, 25, 19, 6, 0, 15, 26], [2, 8, 21, 27, 6, 0, 15, 26], [2, 8, 21, 27, 14, 5, 11, 26]]",NA,NA,NA
02,27,3,1,Partial,Partial,"[[2, 8, 21, 27]]",1,0,GGG
02,28,7,1,Partial,Partial,"[[2, 13, 24, 18, 7, 1, 17, 28]]",4,2,SSSGSGG
02,29,4,1,Partial,Partial,"[[2, 13, 10, 23, 29]]",1,1,GSGG
02,30,8,2,Partial,Tower,"[[2, 13, 24, 18, 7, 1, 17, 28, 30], [2, 8, 21, 27, 14, 5, 11, 22, 30]]",NA,NA,NA
02,31,8,3,Partial,Tower,"[[2, 8, 25, 19, 6, 0, 15, 26, 31], [2, 8, 21, 27, 6, 0, 15, 26, 31], [2, 8, 21, 27, 14, 5, 11, 26, 31]]",NA,NA,NA
02,32,4,1,Partial,Tower,"[[2, 13, 10, 23, 32]]",1,1,GSGG
02,33,3,1,Partial,Tower,"[[2, 13, 24, 33]]",1,0,GGG
02,34,3,1,Partial,Tower,"[[2, 8, 21, 34]]",1,0,GGG
02,35,3,1,Partial,Tower,"[[2, 8, 25, 35]]",1,0,GGG
03,00,5,1,Partial,Partial,"[[3, 9, 20, 26, 15, 0]]",3,1,SSGGG
03,01,3,2,Partial,Partial,"[[3, 16, 7, 1], [3, 9, 17, 1]]",NA,NA,NA
03,02,6,2,Partial,Partial,"[[3, 16, 7, 18, 24, 13, 2], [3, 16, 29, 23, 10, 13, 2]]",NA,NA,NA
03,04,5,1,Partial,Partial,"[[3, 16, 29, 23, 10, 4]]",3,1,SSGGG
03,05,5,2,Partial,Partial,"[[3, 9, 28, 22, 11, 5], [3, 9, 20, 26, 11, 5]]",NA,NA,NA
03,06,6,1,Partial,Flat,"[[3, 9, 20, 26, 15, 0, 6]]",3,2,SSGSGG
03,07,2,1,Partial,Flat,"[[3, 16, 7]]",1,0,GG
03,08,7,3,Partial,Flat,"[[3, 16, 7, 18, 24, 13, 2, 8], [3, 16, 29, 23, 10, 13, 2, 8], [3, 16, 29, 23, 10, 4, 12, 8]]",NA,NA,NA
03,09,1,1,Partial,Flat,"[[3, 9]]",1,0,G
03,10,4,1,Partial,Flat,"[[3, 16, 29, 23, 10]]",1,1,GSGG
03,11,4,2,Partial,Flat,"[[3, 9, 28, 22, 11], [3, 9, 20, 26, 11]]",NA,NA,NA
03,12,6,1,Partial,Partial,"[[3, 16, 29, 23, 10, 4, 12]]",4,1,SSSGGG
03,13,5,2,Partial,Partial,"[[3, 16, 7, 18, 24, 13], [3, 16, 29, 23, 10, 13]]",NA,NA,NA
03,14,6,2,Partial,Partial,"[[3, 9, 28, 22, 11, 5, 14], [3, 9, 20, 26, 11, 5, 14]]",NA,NA,NA
03,15,4,1,Partial,Partial,"[[3, 9, 20, 26, 15]]",1,1,GSGG
03,16,1,1,Partial,Partial,"[[3, 16]]",1,0,G
03,17,2,1,Partial,Partial,"[[3, 9, 17]]",1,0,GG
03,18,3,1,Partial,Partial,"[[3, 16, 7, 18]]",1,0,GGG
03,19,7,1,Partial,Partial,"[[3, 9, 20, 26, 15, 0, 6, 19]]",5,1,SSSSGGG
03,20,2,1,Partial,Partial,"[[3, 9, 20]]",1,0,GG
03,21,8,6,Partial,Partial,"[[3, 16, 7, 18, 24, 13, 2, 8, 21], [3, 16, 29, 23, 10, 13, 2, 8, 21], [3, 16, 29, 23, 10, 4, 12, 8, 21], [3, 9, 28, 22, 11, 5, 14, 27, 21], [3, 9, 20, 26, 11, 5, 14, 27, 21], [3, 9, 20, 26, 15, 0, 6, 27, 21]]",NA,NA,NA
03,22,3,1,Partial,Partial,"[[3, 9, 28, 22]]",1,0,GGG
03,23,3,1,Partial,Partial,"[[3, 16, 29, 23]]",1,0,GGG
03,24,4,1,Partial,Partial,"[[3, 16, 7, 18, 24]]",1,1,GSGG
03,25,7,1,Partial,Partial,"[[3, 16, 29, 23, 10, 4, 12, 25]]",4,2,SSSGSGG
03,26,3,1,Partial,Partial,"[[3, 9, 20, 26]]",1,0,GGG
03,27,7,3,Partial,Partial,"[[3, 9, 28, 22, 11, 5, 14, 27], [3, 9, 20, 26, 11, 5, 14, 27], [3, 9, 20, 26, 15, 0, 6, 27]]",NA,NA,NA
03,28,2,1,Partial,Partial,"[[3, 9, 28]]",1,0,GG
03,29,2,1,Partial,Partial,"[[3, 16, 29]]",1,0,GG
03,30,3,1,Partial,Tower,"[[3, 9, 28, 30]]",1,0,GGG
03,31,3,1,Partial,Tower,"[[3, 9, 20, 31]]",1,0,GGG
03,32,3,1,Partial,Tower,"[[3, 16, 29, 32]]",1,0,GGG
03,33,4,1,Partial,Tower,"[[3, 16, 7, 18, 33]]",1,1,GSGG
03,34,8,3,Partial,Tower,"[[3, 9, 28, 22, 11, 5, 14, 27, 34], [3, 9, 20, 26, 11, 5, 14, 27, 34], [3, 9, 20, 26, 15, 0, 6, 27, 34]]",NA,NA,NA
03,35,8,2,Partial,Tower,"[[3, 16, 29, 23, 10, 4, 12, 25, 35], [3, 9, 20, 26, 15, 0, 6, 19, 35]]",NA,NA,NA
04,00,5,1,Partial,Partial,"[[4, 12, 25, 19, 6, 0]]",3,1,SSGGG
04,01,5,2,Partial,Partial,"[[4, 10, 24, 18, 7, 1], [4, 10, 23, 29, 7, 1]]",NA,NA,NA
04,02,3,2,Partial,Partial,"[[4, 12, 8, 2], [4, 10, 13, 2]]",NA,NA,NA
04,03,5,1,Partial,Partial,"[[4, 10, 23, 29, 16, 3]]",3,1,SSGGG
04,05,6,2,Partial,Partial,"[[4, 12, 8, 21, 27, 14, 5], [4, 12, 25, 19, 6, 14, 5]]",NA,NA,NA
04,06,4,1,Partial,Flat,"[[4, 12, 25, 19, 6]]",1,1,GSGG
04,07,4,2,Partial,Flat,"[[4, 10, 24, 18, 7], [4, 10, 23, 29, 7]]",NA,NA,NA
04,08,2,1,Partial,Flat,"[[4, 12, 8]]",1,0,GG
04,09,6,1,Partial,Flat,"[[4, 10, 23, 29, 16, 3, 9]]",3,2,SSGSGG
04,10,1,1,Partial,Flat,"[[4, 10]]",1,0,G
04,11,7,3,Partial,Flat,"[[4, 12, 8, 21, 27, 14, 5, 11], [4, 12, 25, 19, 6, 14, 5, 11], [4, 12, 25, 19, 6, 0, 15, 11]]",NA,NA,NA
04,12,1,1,Partial,Partial,"[[4, 12]]",1,0,G
04,13,2,1,Partial,Partial,"[[4, 10, 13]]",1,0,GG
04,14,5,2,Partial,Partial,"[[4, 12, 8, 21, 27, 14], [4, 12, 25, 19, 6, 14]]",NA,NA,NA
04,15,6,1,Partial,Partial,"[[4, 12, 25, 19, 6, 0, 15]]",4,1,SSSGGG
04,16,4,1,Partial,Partial,"[[4, 10, 23, 29, 16]]",1,1,GSGG
04,17,6,2,Partial,Partial,"[[4, 10, 24, 18, 7, 1, 17], [4, 10, 23, 29, 7, 1, 17]]",NA,NA,NA
04,18,3,1,Partial,Partial,"[[4, 10, 24, 18]]",1,0,GGG
04,19,3,1,Partial,Partial,"[[4, 12, 25, 19]]",1,0,GGG
04,20,7,1,Partial,Partial,"[[4, 10, 23, 29, 16, 3, 9, 20]]",5,1,SSSSGGG
04,21,3,1,Partial,Partial,"[[4, 12, 8, 21]]",1,0,GGG
04,22,8,6,Partial,Partial,"[[4, 12, 8, 21, 27, 14, 5, 11, 22], [4, 12, 25, 19, 6, 14, 5, 11, 22], [4, 12, 25, 19, 6, 0, 15, 11, 22], [4, 10, 24, 18, 7, 1, 17, 28, 22], [4, 10, 23, 29, 7, 1, 17, 28, 22], [4, 10, 23, 29, 16, 3, 9, 28, 22]]",NA,NA,NA
04,23,2,1,Partial,Partial,"[[4, 10, 23]]",1,0,GG
04,24,2,1,Partial,Partial,"[[4, 10, 24]]",1,0,GG
04,25,2,1,Partial,Partial,"[[4, 12, 25]]",1,0,GG
04,26,7,1,Partial,Partial,"[[4, 12, 25, 19, 6, 0, 15, 26]]",4,2,SSSGSGG
04,27,4,1,Partial,Partial,"[[4, 12, 8, 21, 27]]",1,1,GSGG
04,28,7,3,Partial,Partial,"[[4, 10, 24, 18, 7, 1, 17, 28], [4, 10, 23, 29, 7, 1, 17, 28], [4, 10, 23, 29, 16, 3, 9, 28]]",NA,NA,NA
04,29,3,1,Partial,Partial,"[[4, 10, 23, 29]]",1,0,GGG
04,30,8,3,Partial,Tower,"[[4, 10, 24, 18, 7, 1, 17, 28, 30], [4, 10, 23, 29, 7, 1, 17, 28, 30], [4, 10, 23, 29, 16, 3, 9, 28, 30]]",NA,NA,NA
04,31,8,2,Partial,Tower,"[[4, 12, 25, 19, 6, 0, 15, 26, 31], [4, 10, 23, 29, 16, 3, 9, 20, 31]]",NA,NA,NA
04,32,3,1,Partial,Tower,"[[4, 10, 23, 32]]",1,0,GGG
04,33,3,1,Partial,Tower,"[[4, 10, 24, 33]]",1,0,GGG
04,34,4,1,Partial,Tower,"[[4, 12, 8, 21, 34]]",1,1,GSGG
04,35,3,1,Partial,Tower,"[[4, 12, 25, 35]]",1,0,GGG
05,00,3,2,Partial,Partial,"[[5, 14, 6, 0], [5, 11, 15, 0]]",NA,NA,NA
05,01,5,1,Partial,Partial,"[[5, 11, 22, 28, 17, 1]]",3,1,SSGGG
05,02,5,1,Partial,Partial,"[[5, 14, 27, 21, 8, 2]]",3,1,SSGGG
05,03,5,2,Partial,Partial,"[[5, 11, 26, 20, 9, 3], [5, 11, 22, 28, 9, 3]]",NA,NA,NA
05,04,6,2,Partial,Partial,"[[5, 14, 6, 19, 25, 12, 4], [5, 14, 27, 21, 8, 12, 4]]",NA,NA,NA
05,06,2,1,Partial,Flat,"[[5, 14, 6]]",1,0,GG
05,07,6,1,Partial,Flat,"[[5, 11, 22, 28, 17, 1, 7]]",3,2,SSGSGG
05,08,4,1,Partial,Flat,"[[5, 14, 27, 21, 8]]",1,1,GSGG
05,09,4,2,Partial,Flat,"[[5, 11, 26, 20, 9], [5, 11, 22, 28, 9]]",NA,NA,NA
05,10,7,3,Partial,Flat,"[[5, 14, 6, 19, 25, 12, 4, 10], [5, 14, 27, 21, 8, 12, 4, 10], [5, 14, 27, 21, 8, 2, 13, 10]]",NA,NA,NA
05,11,1,1,Partial,Flat,"[[5, 11]]",1,0,G
05,12,5,2,Partial,Partial,"[[5, 14, 6, 19, 25, 12], [5, 14, 27, 21, 8, 12]]",NA,NA,NA
05,13,6,1,Partial,Partial,"[[5, 14, 27, 21, 8, 2, 13]]",4,1,SSSGGG
05,14,1,1,Partial,Partial,"[[5, 14]]",1,0,G
05,15,2,1,Partial,Partial,"[[5, 11, 15]]",1,0,GG
05,16,6,2,Partial,Partial,"[[5, 11, 26, 20, 9, 3, 16], [5, 11, 22, 28, 9, 3, 16]]",NA,NA,NA
05,17,4,1,Partial,Partial,"[[5, 11, 22, 28, 17]]",1,1,GSGG
05,18,7,1,Partial,Partial,"[[5, 11, 22, 28, 17, 1, 7, 18]]",5,1,SSSSGGG
05,19,3,1,Partial,Partial,"[[5, 14, 6, 19]]",1,0,GGG
05,20,3,1,Partial,Partial,"[[5, 11, 26, 20]]",1,0,GGG
05,21,3,1,Partial,Partial,"[[5, 14, 27, 21]]",1,0,GGG
05,22,2,1,Partial,Partial,"[[5, 11, 22]]",1,0,GG
05,23,8,6,Partial,Partial,"[[5, 14, 6, 19, 25, 12, 4, 10, 23], [5, 14, 27, 21, 8, 12, 4, 10, 23], [5, 14, 27, 21, 8, 2, 13, 10, 23], [5, 11, 26, 20, 9, 3, 16, 29, 23], [5, 11, 22, 28, 9, 3, 16, 29, 23], [5, 11, 22, 28, 17, 1, 7, 29, 23]]",NA,NA,NA
05,24,7,1,Partial,Partial,"[[5, 14, 27, 21, 8, 2, 13, 24]]",4,2,SSSGSGG
05,25,4,1,Partial,Partial,"[[5, 14, 6, 19, 25]]",1,1,GSGG
05,26,2,1,Partial,Partial,"[[5, 11, 26]]",1,0,GG
05,27,2,1,Partial,Partial,"[[5, 14, 27]]",1,0,GG
05,28,3,1,Partial,Partial,"[[5, 11, 22, 28]]",1,0,GGG
05,29,7,3,Partial,Partial,"[[5, 11, 26, 20, 9, 3, 16, 29], [5, 11, 22, 28, 9, 3, 16, 29], [5, 11, 22, 28, 17, 1, 7, 29]]",NA,NA,NA
05,30,3,1,Partial,Tower,"[[5, 11, 22, 30]]",1,0,GGG
05,31,3,1,Partial,Tower,"[[5, 11, 26, 31]]",1,0,GGG
05,32,8,3,Partial,Tower,"[[5, 11, 26, 20, 9, 3, 16, 29, 32], [5, 11, 22, 28, 9, 3, 16, 29, 32], [5, 11, 22, 28, 17, 1, 7, 29, 32]]",NA,NA,NA
05,33,8,2,Partial,Tower,"[[5, 14, 27, 21, 8, 2, 13, 24, 33], [5, 11, 22, 28, 17, 1, 7, 18, 33]]",NA,NA,NA
05,34,3,1,Partial,Tower,"[[5, 14, 27, 34]]",1,0,GGG
05,35,4,1,Partial,Tower,"[[5, 14, 6, 19, 35]]",1,1,GSGG
06,00,1,1,Flat,Partial,"[[6, 0]]",1,0,G
06,01,7,3,Flat,Partial,"[[6, 14, 5, 11, 22, 28, 17, 1], [6, 0, 15, 11, 22, 28, 17, 1], [6, 0, 15, 26, 20, 9, 17, 1]]",NA,NA,NA
06,02,4,2,Flat,Partial,"[[6, 27, 21, 8, 2], [6, 19, 25, 8, 2]]",NA,NA,NA
06,03,6,1,Flat,Partial,"[[6, 0, 15, 26, 20, 9, 3]]",4,1,SSSGGG
06,04,4,1,Flat,Partial,"[[6, 19, 25, 12, 4]]",2,1,SGGG
06,05,2,1,Flat,Partial,"[[6, 14, 5]]",1,0,GG
06,07,8,8,Flat,Flat,"[[6, 14, 5, 11, 22, 28, 17, 1, 7], [6, 27, 21, 8, 2, 13, 24, 18, 7], [6, 19, 25, 8, 2, 13, 24, 18, 7], [6, 19, 25, 12, 4, 10, 24, 18, 7], [6, 19, 25, 12, 4, 10, 23, 29, 7], [6, 0, 15, 11, 22, 28, 17, 1, 7], [6, 0, 15, 26, 20, 9, 17, 1, 7], [6, 0, 15, 26, 20, 9, 3, 16, 7]]",NA,NA,NA
06,08,3,2,Flat,Flat,"[[6, 27, 21, 8], [6, 19, 25, 8]]",NA,NA,NA
06,09,5,1,Flat,Flat,"[[6, 0, 15, 26, 20, 9]]",2,2,SGSGG
06,10,5,1,Flat,Flat,"[[6, 19, 25, 12, 4, 10]]",2,2,SGSGG
06,11,3,2,Flat,Flat,"[[6, 14, 5, 11], [6, 0, 15, 11]]",NA,NA,NA
06,12,3,1,Flat,Partial,"[[6, 19, 25, 12]]",2,1,SGG
06,13,5,2,Flat,Partial,"[[6, 27, 21, 8, 2, 13], [6, 19, 25, 8, 2, 13]]",NA,NA,NA
06,14,1,1,Flat,Partial,"[[6, 14]]",1,0,G
06,15,2,1,Flat,Partial,"[[6, 0, 15]]",1,0,GG
06,16,7,1,Flat,Partial,"[[6, 0, 15, 26, 20, 9, 3, 16]]",5,1,SSSSGGG
06,17,6,3,Flat,Partial,"[[6, 14, 5, 11, 22, 28, 17], [6, 0, 15, 11, 22, 28, 17], [6, 0, 15, 26, 20, 9, 17]]",NA,NA,NA
06,18,7,3,Flat,Partial,"[[6, 27, 21, 8, 2, 13, 24, 18], [6, 19, 25, 8, 2, 13, 24, 18], [6, 19, 25, 12, 4, 10, 24, 18]]",NA,NA,NA
06,19,1,1,Flat,Partial,"[[6, 19]]",1,0,G
06,20,4,1,Flat,Partial,"[[6, 0, 15, 26, 20]]",2,1,SGGG
06,21,2,1,Flat,Partial,"[[6, 27, 21]]",1,0,GG
06,22,4,2,Flat,Partial,"[[6, 14, 5, 11, 22], [6, 0, 15, 11, 22]]",NA,NA,NA
06,23,6,1,Flat,Partial,"[[6, 19, 25, 12, 4, 10, 23]]",4,1,SSSGGG
06,24,6,3,Flat,Partial,"[[6, 27, 21, 8, 2, 13, 24], [6, 19, 25, 8, 2, 13, 24], [6, 19, 25, 12, 4, 10, 24]]",NA,NA,NA
06,25,2,1,Flat,Partial,"[[6, 19, 25]]",1,0,GG
06,26,3,1,Flat,Partial,"[[6, 0, 15, 26]]",2,1,SGG
06,27,1,1,Flat,Partial,"[[6, 27]]",1,0,G
06,28,5,2,Flat,Partial,"[[6, 14, 5, 11, 22, 28], [6, 0, 15, 11, 22, 28]]",NA,NA,NA
06,29,7,1,Flat,Partial,"[[6, 19, 25, 12, 4, 10, 23, 29]]",5,1,SSSSGGG
06,30,5,2,Flat,Tower,"[[6, 14, 5, 11, 22, 30], [6, 0, 15, 11, 22, 30]]",NA,NA,NA
06,31,4,1,Flat,Tower,"[[6, 0, 15, 26, 31]]",2,1,SGGG
06,32,7,1,Flat,Tower,"[[6, 19, 25, 12, 4, 10, 23, 32]]",5,1,SSSSGGG
06,33,7,3,Flat,Tower,"[[6, 27, 21, 8, 2, 13, 24, 33], [6, 19, 25, 8, 2, 13, 24, 33], [6, 19, 25, 12, 4, 10, 24, 33]]",NA,NA,NA
06,34,2,1,Flat,Tower,"[[6, 27, 34]]",1,0,GG
06,35,2,1,Flat,Tower,"[[6, 19, 35]]",1,0,GG
07,00,7,3,Flat,Partial,"[[7, 16, 3, 9, 20, 26, 15, 0], [7, 1, 17, 9, 20, 26, 15, 0], [7, 1, 17, 28, 22, 11, 15, 0]]",NA,NA,NA
07,01,1,1,Flat,Partial,"[[7, 1]]",1,0,G
07,02,4,1,Flat,Partial,"[[7, 18, 24, 13, 2]]",2,1,SGGG
07,03,2,1,Flat,Partial,"[[7, 16, 3]]",1,0,GG
07,04,4,2,Flat,Partial,"[[7, 29, 23, 10, 4], [7, 18, 24, 10, 4]]",NA,NA,NA
07,05,6,1,Flat,Partial,"[[7, 1, 17, 28, 22, 11, 5]]",4,1,SSSGGG
07,06,8,8,Flat,Flat,"[[7, 16, 3, 9, 20, 26, 15, 0, 6], [7, 29, 23, 10, 4, 12, 25, 19, 6], [7, 18, 24, 10, 4, 12, 25, 19, 6], [7, 18, 24, 13, 2, 8, 25, 19, 6], [7, 18, 24, 13, 2, 8, 21, 27, 6], [7, 1, 17, 9, 20, 26, 15, 0, 6], [7, 1, 17, 28, 22, 11, 15, 0, 6], [7, 1, 17, 28, 22, 11, 5, 14, 6]]",NA,NA,NA
07,08,5,1,Flat,Flat,"[[7, 18, 24, 13, 2, 8]]",2,2,SGSGG
07,09,3,2,Flat,Flat,"[[7, 16, 3, 9], [7, 1, 17, 9]]",NA,NA,NA
07,10,3,2,Flat,Flat,"[[7, 29, 23, 10], [7, 18, 24, 10]]",NA,NA,NA
07,11,5,1,Flat,Flat,"[[7, 1, 17, 28, 22, 11]]",2,2,SGSGG
07,12,5,2,Flat,Partial,"[[7, 29, 23, 10, 4, 12], [7, 18, 24, 10, 4, 12]]",NA,NA,NA
07,13,3,1,Flat,Partial,"[[7, 18, 24, 13]]",2,1,SGG
07,14,7,1,Flat,Partial,"[[7, 1, 17, 28, 22, 11, 5, 14]]",5,1,SSSSGGG
07,15,6,3,Flat,Partial,"[[7, 16, 3, 9, 20, 26, 15], [7, 1, 17, 9, 20, 26, 15], [7, 1, 17, 28, 22, 11, 15]]",NA,NA,NA
07,16,1,1,Flat,Partial,"[[7, 16]]",1,0,G
07,17,2,1,Flat,Partial,"[[7, 1, 17]]",1,0,GG
07,18,1,1,Flat,Partial,"[[7, 18]]",1,0,G
07,19,7,3,Flat,Partial,"[[7, 29, 23, 10, 4, 12, 25, 19], [7, 18, 24, 10, 4, 12, 25, 19], [7, 18, 24, 13, 2, 8, 25, 19]]",NA,NA,NA
07,20,4,2,Flat,Partial,"[[7, 16, 3, 9, 20], [7, 1, 17, 9, 20]]",NA,NA,NA
07,21,6,1,Flat,Partial,"[[7, 18, 24, 13, 2, 8, 21]]",4,1,SSSGGG
07,22,4,1,Flat,Partial,"[[7, 1, 17, 28, 22]]",2,1,SGGG
07,23,2,1,Flat,Partial,"[[7, 29, 23]]",1,0,GG
07,24,2,1,Flat,Partial,"[[7, 18, 24]]",1,0,GG
07,25,6,3,Flat,Partial,"[[7, 29, 23, 10, 4, 12, 25], [7, 18, 24, 10, 4, 12, 25], [7, 18, 24, 13, 2, 8, 25]]",NA,NA,NA
07,26,5,2,Flat,Partial,"[[7, 16, 3, 9, 20, 26], [7, 1, 17, 9, 20, 26]]",NA,NA,NA
07,27,7,1,Flat,Partial,"[[7, 18, 24, 13, 2, 8, 21, 27]]",5,1,SSSSGGG
07,28,3,1,Flat,Partial,"[[7, 1, 17, 28]]",2,1,SGG
07,29,1,1,Flat,Partial,"[[7, 29]]",1,0,G
07,30,4,1,Flat,Tower,"[[7, 1, 17, 28, 30]]",2,1,SGGG
07,31,5,2,Flat,Tower,"[[7, 16, 3, 9, 20, 31], [7, 1, 17, 9, 20, 31]]",NA,NA,NA
07,32,2,1,Flat,Tower,"[[7, 29, 32]]",1,0,GG
07,33,2,1,Flat,Tower,"[[7, 18, 33]]",1,0,GG
07,34,7,1,Flat,Tower,"[[7, 18, 24, 13, 2, 8, 21, 34]]",5,1,SSSSGGG
07,35,7,3,Flat,Tower,"[[7, 29, 23, 10, 4, 12, 25, 35], [7, 18, 24, 10, 4, 12, 25, 35], [7, 18, 24, 13, 2, 8, 25, 35]]",NA,NA,NA
08,00,4,2,Flat,Partial,"[[8, 25, 19, 6, 0], [8, 21, 27, 6, 0]]",NA,NA,NA
08,01,6,1,Flat,Partial,"[[8, 2, 13, 24, 18, 7, 1]]",4,1,SSSGGG
08,02,1,1,Flat,Partial,"[[8, 2]]",1,0,G
08,03,7,3,Flat,Partial,"[[8, 12, 4, 10, 23, 29, 16, 3], [8, 2, 13, 10, 23, 29, 16, 3], [8, 2, 13, 24, 18, 7, 16, 3]]",NA,NA,NA
08,04,2,1,Flat,Partial,"[[8, 12, 4]]",1,0,GG
08,05,4,1,Flat,Partial,"[[8, 21, 27, 14, 5]]",2,1,SGGG
08,06,3,2,Flat,Flat,"[[8, 25, 19, 6], [8, 21, 27, 6]]",NA,NA,NA
08,07,5,1,Flat,Flat,"[[8, 2, 13, 24, 18, 7]]",2,2,SGSGG
08,09,8,8,Flat,Flat,"[[8, 12, 4, 10, 23, 29, 16, 3, 9], [8, 25, 19, 6, 0, 15, 26, 20, 9], [8, 21, 27, 6, 0, 15, 26, 20, 9], [8, 21, 27, 14, 5, 11, 26, 20, 9], [8, 21, 27, 14, 5, 11, 22, 28, 9], [8, 2, 13, 10, 23, 29, 16, 3, 9], [8, 2, 13, 24, 18, 7, 16, 3, 9], [8, 2, 13, 24, 18, 7, 1, 17, 9]]",NA,NA,NA
08,10,3,2,Flat,Flat,"[[8, 12, 4, 10], [8, 2, 13, 10]]",NA,NA,NA
08,11,5,1,Flat,Flat,"[[8, 21, 27, 14, 5, 11]]",2,2,SGSGG
08,12,1,1,Flat,Partial,"[[8, 12]]",1,0,G
08,13,2,1,Flat,Partial,"[[8, 2, 13]]",1,0,GG
08,14,3,1,Flat,Partial,"[[8, 21, 27, 14]]",2,1,SGG
08,15,5,2,Flat,Partial,"[[8, 25, 19, 6, 0, 15], [8, 21, 27, 6, 0, 15]]",NA,NA,NA
08,16,6,3,Flat,Partial,"[[8, 12, 4, 10, 23, 29, 16], [8, 2, 13, 10, 23, 29, 16], [8, 2, 13, 24, 18, 7, 16]]",NA,NA,NA
08,17,7,1,Flat,Partial,"[[8, 2, 13, 24, 18, 7, 1, 17]]",5,1,SSSSGGG
08,18,4,1,Flat,Partial,"[[8, 2, 13, 24, 18]]",2,1,SGGG
08,19,2,1,Flat,Partial,"[[8, 25, 19]]",1,0,GG
08,20,7,3,Flat,Partial,"[[8, 25, 19, 6, 0, 15, 26, 20], [8, 21, 27, 6, 0, 15, 26, 20], [8, 21, 27, 14, 5, 11, 26, 20]]",NA,NA,NA
08,21,1,1,Flat,Partial,"[[8, 21]]",1,0,G
08,22,6,1,Flat,Partial,"[[8, 21, 27, 14, 5, 11, 22]]",4,1,SSSGGG
08,23,4,2,Flat,Partial,"[[8, 12, 4, 10, 23], [8, 2, 13, 10, 23]]",NA,NA,NA
08,24,3,1,Flat,Partial,"[[8, 2, 13, 24]]",2,1,SGG
08,25,1,1,Flat,Partial,"[[8, 25]]",1,0,G
08,26,6,3,Flat,Partial,"[[8, 25, 19, 6, 0, 15, 26], [8, 21, 27, 6, 0, 15, 26], [8, 21, 27, 14, 5, 11, 26]]",NA,NA,NA
08,27,2,1,Flat,Partial,"[[8, 21, 27]]",1,0,GG
08,28,7,1,Flat,Partial,"[[8, 21, 27, 14, 5, 11, 22, 28]]",5,1,SSSSGGG
08,29,5,2,Flat,Partial,"[[8, 12, 4, 10, 23, 29], [8, 2, 13, 10, 23, 29]]",NA,NA,NA
08,30,7,1,Flat,Tower,"[[8, 21, 27, 14, 5, 11, 22, 30]]",5,1,SSSSGGG
08,31,7,3,Flat,Tower,"[[8, 25, 19, 6, 0, 15, 26, 31], [8, 21, 27, 6, 0, 15, 26, 31], [8, 21, 27, 14, 5, 11, 26, 31]]",NA,NA,NA
08,32,5,2,Flat,Tower,"[[8, 12, 4, 10, 23, 32], [8, 2, 13, 10, 23, 32]]",NA,NA,NA
08,33,4,1,Flat,Tower,"[[8, 2, 13, 24, 33]]",2,1,SGGG
08,34,2,1,Flat,Tower,"[[8, 21, 34]]",1,0,GG
08,35,2,1,Flat,Tower,"[[8, 25, 35]]",1,0,GG
09,00,4,1,Flat,Partial,"[[9, 20, 26, 15, 0]]",2,1,SGGG
09,01,2,1,Flat,Partial,"[[9, 17, 1]]",1,0,GG
09,02,7,3,Flat,Partial,"[[9, 17, 1, 7, 18, 24, 13, 2], [9, 3, 16, 7, 18, 24, 13, 2], [9, 3, 16, 29, 23, 10, 13, 2]]",NA,NA,NA
09,03,1,1,Flat,Partial,"[[9, 3]]",1,0,G
09,04,6,1,Flat,Partial,"[[9, 3, 16, 29, 23, 10, 4]]",4,1,SSSGGG
09,05,4,2,Flat,Partial,"[[9, 28, 22, 11, 5], [9, 20, 26, 11, 5]]",NA,NA,NA
09,06,5,1,Flat,Flat,"[[9, 20, 26, 15, 0, 6]]",2,2,SGSGG
09,07,3,2,Flat,Flat,"[[9, 17, 1, 7], [9, 3, 16, 7]]",NA,NA,NA
09,08,8,8,Flat,Flat,"[[9, 17, 1, 7, 18, 24, 13, 2, 8], [9, 28, 22, 11, 5, 14, 27, 21, 8], [9, 20, 26, 11, 5, 14, 27, 21, 8], [9, 20, 26, 15, 0, 6, 27, 21, 8], [9, 20, 26, 15, 0, 6, 19, 25, 8], [9, 3, 16, 7, 18, 24, 13, 2, 8], [9, 3, 16, 29, 23, 10, 13, 2, 8], [9, 3, 16, 29, 23, 10, 4, 12, 8]]",NA,NA,NA
09,10,5,1,Flat,Flat,"[[9, 3, 16, 29, 23, 10]]",2,2,SGSGG
09,11,3,2,Flat,Flat,"[[9, 28, 22, 11], [9, 20, 26, 11]]",NA,NA,NA
09,12,7,1,Flat,Partial,"[[9, 3, 16, 29, 23, 10, 4, 12]]",5,1,SSSSGGG
09,13,6,3,Flat,Partial,"[[9, 17, 1, 7, 18, 24, 13], [9, 3, 16, 7, 18, 24, 13], [9, 3, 16, 29, 23, 10, 13]]",NA,NA,NA
09,14,5,2,Flat,Partial,"[[9, 28, 22, 11, 5, 14], [9, 20, 26, 11, 5, 14]]",NA,NA,NA
09,15,3,1,Flat,Partial,"[[9, 20, 26, 15]]",2,1,SGG
09,16,2,1,Flat,Partial,"[[9, 3, 16]]",1,0,GG
09,17,1,1,Flat,Partial,"[[9, 17]]",1,0,G
09,18,4,2,Flat,Partial,"[[9, 17, 1, 7, 18], [9, 3, 16, 7, 18]]",NA,NA,NA
09,19,6,1,Flat,Partial,"[[9, 20, 26, 15, 0, 6, 19]]",4,1,SSSGGG
09,20,1,1,Flat,Partial,"[[9, 20]]",1,0,G
09,21,7,3,Flat,Partial,"[[9, 28, 22, 11, 5, 14, 27, 21], [9, 20, 26, 11, 5, 14, 27, 21], [9, 20, 26, 15, 0, 6, 27, 21]]",NA,NA,NA
09,22,2,1,Flat,Partial,"[[9, 28, 22]]",1,0,GG
09,23,4,1,Flat,Partial,"[[9, 3, 16, 29, 23]]",2,1,SGGG
09,24,5,2,Flat,Partial,"[[9, 17, 1, 7, 18, 24], [9, 3, 16, 7, 18, 24]]",NA,NA,NA
09,25,7,1,Flat,Partial,"[[9, 20, 26, 15, 0, 6, 19, 25]]",5,1,SSSSGGG
09,26,2,1,Flat,Partial,"[[9, 20, 26]]",1,0,GG
09,27,6,3,Flat,Partial,"[[9, 28, 22, 11, 5, 14, 27], [9, 20, 26, 11, 5, 14, 27], [9, 20, 26, 15, 0, 6, 27]]",NA,NA,NA
09,28,1,1,Flat,Partial,"[[9, 28]]",1,0,G
09,29,3,1,Flat,Partial,"[[9, 3, 16, 29]]",2,1,SGG
09,30,2,1,Flat,Tower,"[[9, 28, 30]]",1,0,GG
09,31,2,1,Flat,Tower,"[[9, 20, 31]]",1,0,GG
09,32,4,1,Flat,Tower,"[[9, 3, 16, 29, 32]]",2,1,SGGG
09,33,5,2,Flat,Tower,"[[9, 17, 1, 7, 18, 33], [9, 3, 16, 7, 18, 33]]",NA,NA,NA
09,34,7,3,Flat,Tower,"[[9, 28, 22, 11, 5, 14, 27, 34], [9, 20, 26, 11, 5, 14, 27, 34], [9, 20, 26, 15, 0, 6, 27, 34]]",NA,NA,NA
09,35,7,1,Flat,Tower,"[[9, 20, 26, 15, 0, 6, 19, 35]]",5,1,SSSSGGG
10,00,6,1,Flat,Partial,"[[10, 4, 12, 25, 19, 6, 0]]",4,1,SSSGGG
10,01,4,2,Flat,Partial,"[[10, 24, 18, 7, 1], [10, 23, 29, 7, 1]]",NA,NA,NA
10,02,2,1,Flat,Partial,"[[10, 13, 2]]",1,0,GG
10,03,4,1,Flat,Partial,"[[10, 23, 29, 16, 3]]",2,1,SGGG
10,04,1,1,Flat,Partial,"[[10, 4]]",1,0,G
10,05,7,3,Flat,Partial,"[[10, 13, 2, 8, 21, 27, 14, 5], [10, 4, 12, 8, 21, 27, 14, 5], [10, 4, 12, 25, 19, 6, 14, 5]]",NA,NA,NA
10,06,5,1,Flat,Flat,"[[10, 4, 12, 25, 19, 6]]",2,2,SGSGG
10,07,3,2,Flat,Flat,"[[10, 24, 18, 7], [10, 23, 29, 7]]",NA,NA,NA
10,08,3,2,Flat,Flat,"[[10, 13, 2, 8], [10, 4, 12, 8]]",NA,NA,NA
10,09,5,1,Flat,Flat,"[[10, 23, 29, 16, 3, 9]]",2,2,SGSGG
10,11,8,8,Flat,Flat,"[[10, 13, 2, 8, 21, 27, 14, 5, 11], [10, 24, 18, 7, 1, 17, 28, 22, 11], [10, 23, 29, 7, 1, 17, 28, 22, 11], [10, 23, 29, 16, 3, 9, 28, 22, 11], [10, 23, 29, 16, 3, 9, 20, 26, 11], [10, 4, 12, 8, 21, 27, 14, 5, 11], [10, 4, 12, 25, 19, 6, 14, 5, 11], [10, 4, 12, 25, 19, 6, 0, 15, 11]]",NA,NA,NA
10,12,2,1,Flat,Partial,"[[10, 4, 12]]",1,0,GG
10,13,1,1,Flat,Partial,"[[10, 13]]",1,0,G
10,14,6,3,Flat,Partial,"[[10, 13, 2, 8, 21, 27, 14], [10, 4, 12, 8, 21, 27, 14], [10, 4, 12, 25, 19, 6, 14]]",NA,NA,NA
10,15,7,1,Flat,Partial,"[[10, 4, 12, 25, 19, 6, 0, 15]]",5,1,SSSSGGG
10,16,3,1,Flat,Partial,"[[10, 23, 29, 16]]",2,1,SGG
10,17,5,2,Flat,Partial,"[[10, 24, 18, 7, 1, 17], [10, 23, 29, 7, 1, 17]]",NA,NA,NA
10,18,2,1,Flat,Partial,"[[10, 24, 18]]",1,0,GG
10,19,4,1,Flat,Partial,"[[10, 4, 12, 25, 19]]",2,1,SGGG
10,20,6,1,Flat,Partial,"[[10, 23, 29, 16, 3, 9, 20]]",4,1,SSSGGG
10,21,4,2,Flat,Partial,"[[10, 13, 2, 8, 21], [10, 4, 12, 8, 21]]",NA,NA,NA
10,22,7,3,Flat,Partial,"[[10, 24, 18, 7, 1, 17, 28, 22], [10, 23, 29, 7, 1, 17, 28, 22], [10, 23, 29, 16, 3, 9, 28, 22]]",NA,NA,NA
10,23,1,1,Flat,Partial,"[[10, 23]]",1,0,G
10,24,1,1,Flat,Partial,"[[10, 24]]",1,0,G
10,25,3,1,Flat,Partial,"[[10, 4, 12, 25]]",2,1,SGG
10,26,7,1,Flat,Partial,"[[10, 23, 29, 16, 3, 9, 20, 26]]",5,1,SSSSGGG
10,27,5,2,Flat,Partial,"[[10, 13, 2, 8, 21, 27], [10, 4, 12, 8, 21, 27]]",NA,NA,NA
10,28,6,3,Flat,Partial,"[[10, 24, 18, 7, 1, 17, 28], [10, 23, 29, 7, 1, 17, 28], [10, 23, 29, 16, 3, 9, 28]]",NA,NA,NA
10,29,2,1,Flat,Partial,"[[10, 23, 29]]",1,0,GG
10,30,7,3,Flat,Tower,"[[10, 24, 18, 7, 1, 17, 28, 30], [10, 23, 29, 7, 1, 17, 28, 30], [10, 23, 29, 16, 3, 9, 28, 30]]",NA,NA,NA
10,31,7,1,Flat,Tower,"[[10, 23, 29, 16, 3, 9, 20, 31]]",5,1,SSSSGGG
10,32,2,1,Flat,Tower,"[[10, 23, 32]]",1,0,GG
10,33,2,1,Flat,Tower,"[[10, 24, 33]]",1,0,GG
10,34,5,2,Flat,Tower,"[[10, 13, 2, 8, 21, 34], [10, 4, 12, 8, 21, 34]]",NA,NA,NA
10,35,4,1,Flat,Tower,"[[10, 4, 12, 25, 35]]",2,1,SGGG
11,00,2,1,Flat,Partial,"[[11, 15, 0]]",1,0,GG
11,01,4,1,Flat,Partial,"[[11, 22, 28, 17, 1]]",2,1,SGGG
11,02,6,1,Flat,Partial,"[[11, 5, 14, 27, 21, 8, 2]]",4,1,SSSGGG
11,03,4,2,Flat,Partial,"[[11, 26, 20, 9, 3], [11, 22, 28, 9, 3]]",NA,NA,NA
11,04,7,3,Flat,Partial,"[[11, 15, 0, 6, 19, 25, 12, 4], [11, 5, 14, 6, 19, 25, 12, 4], [11, 5, 14, 27, 21, 8, 12, 4]]",NA,NA,NA
11,05,1,1,Flat,Partial,"[[11, 5]]",1,0,G
11,06,3,2,Flat,Flat,"[[11, 15, 0, 6], [11, 5, 14, 6]]",NA,NA,NA
11,07,5,1,Flat,Flat,"[[11, 22, 28, 17, 1, 7]]",2,2,SGSGG
11,08,5,1,Flat,Flat,"[[11, 5, 14, 27, 21, 8]]",2,2,SGSGG
11,09,3,2,Flat,Flat,"[[11, 26, 20, 9], [11, 22, 28, 9]]",NA,NA,NA
11,10,8,8,Flat,Flat,"[[11, 15, 0, 6, 19, 25, 12, 4, 10], [11, 26, 20, 9, 3, 16, 29, 23, 10], [11, 22, 28, 9, 3, 16, 29, 23, 10], [11, 22, 28, 17, 1, 7, 29, 23, 10], [11, 22, 28, 17, 1, 7, 18, 24, 10], [11, 5, 14, 6, 19, 25, 12, 4, 10], [11, 5, 14, 27, 21, 8, 12, 4, 10], [11, 5, 14, 27, 21, 8, 2, 13, 10]]",NA,NA,NA
11,12,6,3,Flat,Partial,"[[11, 15, 0, 6, 19, 25, 12], [11, 5, 14, 6, 19, 25, 12], [11, 5, 14, 27, 21, 8, 12]]",NA,NA,NA
11,13,7,1,Flat,Partial,"[[11, 5, 14, 27, 21, 8, 2, 13]]",5,1,SSSSGGG
11,14,2,1,Flat,Partial,"[[11, 5, 14]]",1,0,GG
11,15,1,1,Flat,Partial,"[[11, 15]]",1,0,G
11,16,5,2,Flat,Partial,"[[11, 26, 20, 9, 3, 16], [11, 22, 28, 9, 3, 16]]",NA,NA,NA
11,17,3,1,Flat,Partial,"[[11, 22, 28, 17]]",2,1,SGG
11,18,6,1,Flat,Partial,"[[11, 22, 28, 17, 1, 7, 18]]",4,1,SSSGGG
11,19,4,2,Flat,Partial,"[[11, 15, 0, 6, 19], [11, 5, 14, 6, 19]]",NA,NA,NA
11,20,2,1,Flat,Partial,"[[11, 26, 20]]",1,0,GG
11,21,4,1,Flat,Partial,"[[11, 5, 14, 27, 21]]",2,1,SGGG
11,22,1,1,Flat,Partial,"[[11, 22]]",1,0,G
11,23,7,3,Flat,Partial,"[[11, 26, 20, 9, 3, 16, 29, 23], [11, 22, 28, 9, 3, 16, 29, 23], [11, 22, 28, 17, 1, 7, 29, 23]]",NA,NA,NA
11,24,7,1,Flat,Partial,"[[11, 22, 28, 17, 1, 7, 18, 24]]",5,1,SSSSGGG
11,25,5,2,Flat,Partial,"[[11, 15, 0, 6, 19, 25], [11, 5, 14, 6, 19, 25]]",NA,NA,NA
11,26,1,1,Flat,Partial,"[[11, 26]]",1,0,G
11,27,3,1,Flat,Partial,"[[11, 5, 14, 27]]",2,1,SGG
11,28,2,1,Flat,Partial,"[[11, 22, 28]]",1,0,GG
11,29,6,3,Flat,Partial,"[[11, 26, 20, 9, 3, 16, 29], [11, 22, 28, 9, 3, 16, 29], [11, 22, 28, 17, 1, 7, 29]]",NA,NA,NA
11,30,2,1,Flat,Tower,"[[11, 22, 30]]",1,0,GG
11,31,2,1,Flat,Tower,"[[11, 26, 31]]",1,0,GG
11,32,7,3,Flat,Tower,"[[11, 26, 20, 9, 3, 16, 29, 32], [11, 22, 28, 9, 3, 16, 29, 32], [11, 22, 28, 17, 1, 7, 29, 32]]",NA,NA,NA
11,33,7,1,Flat,Tower,"[[11, 22, 28, 17, 1, 7, 18, 33]]",5,1,SSSSGGG
11,34,4,1,Flat,Tower,"[[11, 5, 14, 27, 34]]",2,1,SGGG
11,35,5,2,Flat,Tower,"[[11, 15, 0, 6, 19, 35], [11, 5, 14, 6, 19, 35]]",NA,NA,NA
12,00,4,1,Partial,Partial,"[[12, 25, 19, 6, 0]]",2,1,SGGG
12,01,6,2,Partial,Partial,"[[12, 4, 10, 24, 18, 7, 1], [12, 4, 10, 23, 29, 7, 1]]",NA,NA,NA
12,02,2,1,Partial,Partial,"[[12, 8, 2]]",1,0,GG
12,03,6,1,Partial,Partial,"[[12, 4, 10, 23, 29, 16, 3]]",4,1,SSSGGG
12,04,1,1,Partial,Partial,"[[12, 4]]",1,0,G
12,05,5,2,Partial,Partial,"[[12, 8, 21, 27, 14, 5], [12, 25, 19, 6, 14, 5]]",NA,NA,NA
12,06,3,1,Partial,Flat,"[[12, 25, 19, 6]]",2,1,SGG
12,07,5,2,Partial,Flat,"[[12, 4, 10, 24, 18, 7], [12, 4, 10, 23, 29, 7]]",NA,NA,NA
12,08,1,1,Partial,Flat,"[[12, 8]]",1,0,G
12,09,7,1,Partial,Flat,"[[12, 4, 10, 23, 29, 16, 3, 9]]",4,2,SSSGSGG
12,10,2,1,Partial,Flat,"[[12, 4, 10]]",1,0,GG
12,11,6,3,Partial,Flat,"[[12, 8, 21, 27, 14, 5, 11], [12, 25, 19, 6, 14, 5, 11], [12, 25, 19, 6, 0, 15, 11]]",NA,NA,NA
12,13,3,2,Partial,Partial,"[[12, 8, 2, 13], [12, 4, 10, 13]]",NA,NA,NA
12,14,4,2,Partial,Partial,"[[12, 8, 21, 27, 14], [12, 25, 19, 6, 14]]",NA,NA,NA
12,15,5,1,Partial,Partial,"[[12, 25, 19, 6, 0, 15]]",3,1,SSGGG
12,16,5,1,Partial,Partial,"[[12, 4, 10, 23, 29, 16]]",2,2,SGSGG
12,17,7,2,Partial,Partial,"[[12, 4, 10, 24, 18, 7, 1, 17], [12, 4, 10, 23, 29, 7, 1, 17]]",NA,NA,NA
12,18,4,1,Partial,Partial,"[[12, 4, 10, 24, 18]]",2,1,SGGG
12,19,2,1,Partial,Partial,"[[12, 25, 19]]",1,0,GG
12,20,7,1,Partial,Partial,"[[12, 25, 19, 6, 0, 15, 26, 20]]",5,1,SSSSGGG
12,21,2,1,Partial,Partial,"[[12, 8, 21]]",1,0,GG
12,22,7,3,Partial,Partial,"[[12, 8, 21, 27, 14, 5, 11, 22], [12, 25, 19, 6, 14, 5, 11, 22], [12, 25, 19, 6, 0, 15, 11, 22]]",NA,NA,NA
12,23,3,1,Partial,Partial,"[[12, 4, 10, 23]]",1,0,GGG
12,24,3,1,Partial,Partial,"[[12, 4, 10, 24]]",2,1,SGG
12,25,1,1,Partial,Partial,"[[12, 25]]",1,0,G
12,26,6,1,Partial,Partial,"[[12, 25, 19, 6, 0, 15, 26]]",3,2,SSGSGG
12,27,3,1,Partial,Partial,"[[12, 8, 21, 27]]",2,1,SGG
12,28,8,6,Partial,Partial,"[[12, 8, 21, 27, 14, 5, 11, 22, 28], [12, 25, 19, 6, 14, 5, 11, 22, 28], [12, 25, 19, 6, 0, 15, 11, 22, 28], [12, 4, 10, 24, 18, 7, 1, 17, 28], [12, 4, 10, 23, 29, 7, 1, 17, 28], [12, 4, 10, 23, 29, 16, 3, 9, 28]]",NA,NA,NA
12,29,4,1,Partial,Partial,"[[12, 4, 10, 23, 29]]",2,1,SGGG
12,30,8,3,Partial,Tower,"[[12, 8, 21, 27, 14, 5, 11, 22, 30], [12, 25, 19, 6, 14, 5, 11, 22, 30], [12, 25, 19, 6, 0, 15, 11, 22, 30]]",NA,NA,NA
12,31,7,1,Partial,Tower,"[[12, 25, 19, 6, 0, 15, 26, 31]]",5,1,SSSSGGG
12,32,4,1,Partial,Tower,"[[12, 4, 10, 23, 32]]",2,1,SGGG
12,33,4,1,Partial,Tower,"[[12, 4, 10, 24, 33]]",2,1,SGGG
12,34,3,1,Partial,Tower,"[[12, 8, 21, 34]]",2,1,SGG
12,35,2,1,Partial,Tower,"[[12, 25, 35]]",1,0,GG
13,00,6,2,Partial,Partial,"[[13, 2, 8, 25, 19, 6, 0], [13, 2, 8, 21, 27, 6, 0]]",NA,NA,NA
13,01,4,1,Partial,Partial,"[[13, 24, 18, 7, 1]]",2,1,SGGG
13,02,1,1,Partial,Partial,"[[13, 2]]",1,0,G
13,03,5,2,Partial,Partial,"[[13, 10, 23, 29, 16, 3], [13, 24, 18, 7, 16, 3]]",NA,NA,NA
13,04,2,1,Partial,Partial,"[[13, 10, 4]]",1,0,GG
13,05,6,1,Partial,Partial,"[[13, 2, 8, 21, 27, 14, 5]]",4,1,SSSGGG
13,06,5,2,Partial,Flat,"[[13, 2, 8, 25, 19, 6], [13, 2, 8, 21, 27, 6]]",NA,NA,NA
13,07,3,1,Partial,Flat,"[[13, 24, 18, 7]]",2,1,SGG
13,08,2,1,Partial,Flat,"[[13, 2, 8]]",1,0,GG
13,09,6,3,Partial,Flat,"[[13, 10, 23, 29, 16, 3, 9], [13, 24, 18, 7, 16, 3, 9], [13, 24, 18, 7, 1, 17, 9]]",NA,NA,NA
13,10,1,1,Partial,Flat,"[[13, 10]]",1,0,G
13,11,7,1,Partial,Flat,"[[13, 2, 8, 21, 27, 14, 5, 11]]",4,2,SSSGSGG
13,12,3,2,Partial,Partial,"[[13, 10, 4, 12], [13, 2, 8, 12]]",NA,NA,NA
13,14,5,1,Partial,Partial,"[[13, 2, 8, 21, 27, 14]]",2,2,SGSGG
13,15,7,2,Partial,Partial,"[[13, 2, 8, 25, 19, 6, 0, 15], [13, 2, 8, 21, 27, 6, 0, 15]]",NA,NA,NA
13,16,4,2,Partial,Partial,"[[13, 10, 23, 29, 16], [13, 24, 18, 7, 16]]",NA,NA,NA
13,17,5,1,Partial,Partial,"[[13, 24, 18, 7, 1, 17]]",3,1,SSGGG
13,18,2,1,Partial,Partial,"[[13, 24, 18]]",1,0,GG
13,19,4,1,Partial,Partial,"[[13, 2, 8, 25, 19]]",2,1,SGGG
13,20,7,3,Partial,Partial,"[[13, 10, 23, 29, 16, 3, 9, 20], [13, 24, 18, 7, 16, 3, 9, 20], [13, 24, 18, 7, 1, 17, 9, 20]]",NA,NA,NA
13,21,3,1,Partial,Partial,"[[13, 2, 8, 21]]",1,0,GGG
13,22,7,1,Partial,Partial,"[[13, 24, 18, 7, 1, 17, 28, 22]]",5,1,SSSSGGG
13,23,2,1,Partial,Partial,"[[13, 10, 23]]",1,0,GG
13,24,1,1,Partial,Partial,"[[13, 24]]",1,0,G
13,25,3,1,Partial,Partial,"[[13, 2, 8, 25]]",2,1,SGG
13,26,8,6,Partial,Partial,"[[13, 10, 23, 29, 16, 3, 9, 20, 26], [13, 24, 18, 7, 16, 3, 9, 20, 26], [13, 24, 18, 7, 1, 17, 9, 20, 26], [13, 2, 8, 25, 19, 6, 0, 15, 26], [13, 2, 8, 21, 27, 6, 0, 15, 26], [13, 2, 8, 21, 27, 14, 5, 11, 26]]",NA,NA,NA
13,27,4,1,Partial,Partial,"[[13, 2, 8, 21, 27]]",2,1,SGGG
13,28,6,1,Partial,Partial,"[[13, 24, 18, 7, 1, 17, 28]]",3,2,SSGSGG
13,29,3,1,Partial,Partial,"[[13, 10, 23, 29]]",2,1,SGG
13,30,7,1,Partial,Tower,"[[13, 24, 18, 7, 1, 17, 28, 30]]",5,1,SSSSGGG
13,31,8,3,Partial,Tower,"[[13, 10, 23, 29, 16, 3, 9, 20, 31], [13, 24, 18, 7, 16, 3, 9, 20, 31], [13, 24, 18, 7, 1, 17, 9, 20, 31]]",NA,NA,NA
13,32,3,1,Partial,Tower,"[[13, 10, 23, 32]]",2,1,SGG
13,33,2,1,Partial,Tower,"[[13, 24, 33]]",1,0,GG
13,34,4,1,Partial,Tower,"[[13, 2, 8, 21, 34]]",2,1,SGGG
13,35,4,1,Partial,Tower,"[[13, 2, 8, 25, 35]]",2,1,SGGG
14,00,2,1,Partial,Partial,"[[14, 6, 0]]",1,0,GG
14,01,6,1,Partial,Partial,"[[14, 5, 11, 22, 28, 17, 1]]",4,1,SSSGGG
14,02,4,1,Partial,Partial,"[[14, 27, 21, 8, 2]]",2,1,SGGG
14,03,6,2,Partial,Partial,"[[14, 5, 11, 26, 20, 9, 3], [14, 5, 11, 22, 28, 9, 3]]",NA,NA,NA
14,04,5,2,Partial,Partial,"[[14, 6, 19, 25, 12, 4], [14, 27, 21, 8, 12, 4]]",NA,NA,NA
14,05,1,1,Partial,Partial,"[[14, 5]]",1,0,G
14,06,1,1,Partial,Flat,"[[14, 6]]",1,0,G
14,07,7,1,Partial,Flat,"[[14, 5, 11, 22, 28, 17, 1, 7]]",4,2,SSSGSGG
14,08,3,1,Partial,Flat,"[[14, 27, 21, 8]]",2,1,SGG
14,09,5,2,Partial,Flat,"[[14, 5, 11, 26, 20, 9], [14, 5, 11, 22, 28, 9]]",NA,NA,NA
14,10,6,3,Partial,Flat,"[[14, 6, 19, 25, 12, 4, 10], [14, 27, 21, 8, 12, 4, 10], [14, 27, 21, 8, 2, 13, 10]]",NA,NA,NA
14,11,2,1,Partial,Flat,"[[14, 5, 11]]",1,0,GG
14,12,4,2,Partial,Partial,"[[14, 6, 19, 25, 12], [14, 27, 21, 8, 12]]",NA,NA,NA
14,13,5,1,Partial,Partial,"[[14, 27, 21, 8, 2, 13]]",3,1,SSGGG
14,15,3,2,Partial,Partial,"[[14, 6, 0, 15], [14, 5, 11, 15]]",NA,NA,NA
14,16,7,2,Partial,Partial,"[[14, 5, 11, 26, 20, 9, 3, 16], [14, 5, 11, 22, 28, 9, 3, 16]]",NA,NA,NA
14,17,5,1,Partial,Partial,"[[14, 5, 11, 22, 28, 17]]",2,2,SGSGG
14,18,7,1,Partial,Partial,"[[14, 27, 21, 8, 2, 13, 24, 18]]",5,1,SSSSGGG
14,19,2,1,Partial,Partial,"[[14, 6, 19]]",1,0,GG
14,20,4,1,Partial,Partial,"[[14, 5, 11, 26, 20]]",2,1,SGGG
14,21,2,1,Partial,Partial,"[[14, 27, 21]]",1,0,GG
14,22,3,1,Partial,Partial,"[[14, 5, 11, 22]]",1,0,GGG
14,23,7,3,Partial,Partial,"[[14, 6, 19, 25, 12, 4, 10, 23], [14, 27, 21, 8, 12, 4, 10, 23], [14, 27, 21, 8, 2, 13, 10, 23]]",NA,NA,NA
14,24,6,1,Partial,Partial,"[[14, 27, 21, 8, 2, 13, 24]]",3,2,SSGSGG
14,25,3,1,Partial,Partial,"[[14, 6, 19, 25]]",2,1,SGG
14,26,3,1,Partial,Partial,"[[14, 5, 11, 26]]",2,1,SGG
14,27,1,1,Partial,Partial,"[[14, 27]]",1,0,G
14,28,4,1,Partial,Partial,"[[14, 5, 11, 22, 28]]",2,1,SGGG
14,29,8,6,Partial,Partial,"[[14, 6, 19, 25, 12, 4, 10, 23, 29], [14, 27, 21, 8, 12, 4, 10, 23, 29], [14, 27, 21, 8, 2, 13, 10, 23, 29], [14, 5, 11, 26, 20, 9, 3, 16, 29], [14, 5, 11, 22, 28, 9, 3, 16, 29], [14, 5, 11, 22, 28, 17, 1, 7, 29]]",NA,NA,NA
14,30,4,1,Partial,Tower,"[[14, 5, 11, 22, 30]]",2,1,SGGG
14,31,4,1,Partial,Tower,"[[14, 5, 11, 26, 31]]",2,1,SGGG
14,32,8,3,Partial,Tower,"[[14, 6, 19, 25, 12, 4, 10, 23, 32], [14, 27, 21, 8, 12, 4, 10, 23, 32], [14, 27, 21, 8, 2, 13, 10, 23, 32]]",NA,NA,NA
14,33,7,1,Partial,Tower,"[[14, 27, 21, 8, 2, 13, 24, 33]]",5,1,SSSSGGG
14,34,2,1,Partial,Tower,"[[14, 27, 34]]",1,0,GG
14,35,3,1,Partial,Tower,"[[14, 6, 19, 35]]",2,1,SGG
15,00,1,1,Partial,Partial,"[[15, 0]]",1,0,G
15,01,5,2,Partial,Partial,"[[15, 11, 22, 28, 17, 1], [15, 26, 20, 9, 17, 1]]",NA,NA,NA
15,02,6,2,Partial,Partial,"[[15, 0, 6, 27, 21, 8, 2], [15, 0, 6, 19, 25, 8, 2]]",NA,NA,NA
15,03,4,1,Partial,Partial,"[[15, 26, 20, 9, 3]]",2,1,SGGG
15,04,6,1,Partial,Partial,"[[15, 0, 6, 19, 25, 12, 4]]",4,1,SSSGGG
15,05,2,1,Partial,Partial,"[[15, 11, 5]]",1,0,GG
15,06,2,1,Partial,Flat,"[[15, 0, 6]]",1,0,GG
15,07,6,3,Partial,Flat,"[[15, 11, 22, 28, 17, 1, 7], [15, 26, 20, 9, 17, 1, 7], [15, 26, 20, 9, 3, 16, 7]]",NA,NA,NA
15,08,5,2,Partial,Flat,"[[15, 0, 6, 27, 21, 8], [15, 0, 6, 19, 25, 8]]",NA,NA,NA
15,09,3,1,Partial,Flat,"[[15, 26, 20, 9]]",2,1,SGG
15,10,7,1,Partial,Flat,"[[15, 0, 6, 19, 25, 12, 4, 10]]",4,2,SSSGSGG
15,11,1,1,Partial,Flat,"[[15, 11]]",1,0,G
15,12,5,1,Partial,Partial,"[[15, 0, 6, 19, 25, 12]]",2,2,SGSGG
15,13,7,2,Partial,Partial,"[[15, 0, 6, 27, 21, 8, 2, 13], [15, 0, 6, 19, 25, 8, 2, 13]]",NA,NA,NA
15,14,3,2,Partial,Partial,"[[15, 11, 5, 14], [15, 0, 6, 14]]",NA,NA,NA
15,16,5,1,Partial,Partial,"[[15, 26, 20, 9, 3, 16]]",3,1,SSGGG
15,17,4,2,Partial,Partial,"[[15, 11, 22, 28, 17], [15, 26, 20, 9, 17]]",NA,NA,NA
15,18,7,3,Partial,Partial,"[[15, 11, 22, 28, 17, 1, 7, 18], [15, 26, 20, 9, 17, 1, 7, 18], [15, 26, 20, 9, 3, 16, 7, 18]]",NA,NA,NA
15,19,3,1,Partial,Partial,"[[15, 0, 6, 19]]",1,0,GGG
15,20,2,1,Partial,Partial,"[[15, 26, 20]]",1,0,GG
15,21,4,1,Partial,Partial,"[[15, 0, 6, 27, 21]]",2,1,SGGG
15,22,2,1,Partial,Partial,"[[15, 11, 22]]",1,0,GG
15,23,7,1,Partial,Partial,"[[15, 26, 20, 9, 3, 16, 29, 23]]",5,1,SSSSGGG
15,24,8,6,Partial,Partial,"[[15, 11, 22, 28, 17, 1, 7, 18, 24], [15, 26, 20, 9, 17, 1, 7, 18, 24], [15, 26, 20, 9, 3, 16, 7, 18, 24], [15, 0, 6, 27, 21, 8, 2, 13, 24], [15, 0, 6, 19, 25, 8, 2, 13, 24], [15, 0, 6, 19, 25, 12, 4, 10, 24]]",NA,NA,NA
15,25,4,1,Partial,Partial,"[[15, 0, 6, 19, 25]]",2,1,SGGG
15,26,1,1,Partial,Partial,"[[15, 26]]",1,0,G
15,27,3,1,Partial,Partial,"[[15, 0, 6, 27]]",2,1,SGG
15,28,3,1,Partial,Partial,"[[15, 11, 22, 28]]",2,1,SGG
15,29,6,1,Partial,Partial,"[[15, 26, 20, 9, 3, 16, 29]]",3,2,SSGSGG
15,30,3,1,Partial,Tower,"[[15, 11, 22, 30]]",2,1,SGG
15,31,2,1,Partial,Tower,"[[15, 26, 31]]",1,0,GG
15,32,7,1,Partial,Tower,"[[15, 26, 20, 9, 3, 16, 29, 32]]",5,1,SSSSGGG
15,33,8,3,Partial,Tower,"[[15, 11, 22, 28, 17, 1, 7, 18, 33], [15, 26, 20, 9, 17, 1, 7, 18, 33], [15, 26, 20, 9, 3, 16, 7, 18, 33]]",NA,NA,NA
15,34,4,1,Partial,Tower,"[[15, 0, 6, 27, 34]]",2,1,SGGG
15,35,4,1,Partial,Tower,"[[15, 0, 6, 19, 35]]",2,1,SGGG
16,00,6,1,Partial,Partial,"[[16, 3, 9, 20, 26, 15, 0]]",4,1,SSSGGG
16,01,2,1,Partial,Partial,"[[16, 7, 1]]",1,0,GG
16,02,5,2,Partial,Partial,"[[16, 7, 18, 24, 13, 2], [16, 29, 23, 10, 13, 2]]",NA,NA,NA
16,03,1,1,Partial,Partial,"[[16, 3]]",1,0,G
16,04,4,1,Partial,Partial,"[[16, 29, 23, 10, 4]]",2,1,SGGG
16,05,6,2,Partial,Partial,"[[16, 3, 9, 28, 22, 11, 5], [16, 3, 9, 20, 26, 11, 5]]",NA,NA,NA
16,06,7,1,Partial,Flat,"[[16, 3, 9, 20, 26, 15, 0, 6]]",4,2,SSSGSGG
16,07,1,1,Partial,Flat,"[[16, 7]]",1,0,G
16,08,6,3,Partial,Flat,"[[16, 7, 18, 24, 13, 2, 8], [16, 29, 23, 10, 13, 2, 8], [16, 29, 23, 10, 4, 12, 8]]",NA,NA,NA
16,09,2,1,Partial,Flat,"[[16, 3, 9]]",1,0,GG
16,10,3,1,Partial,Flat,"[[16, 29, 23, 10]]",2,1,SGG
16,11,5,2,Partial,Flat,"[[16, 3, 9, 28, 22, 11], [16, 3, 9, 20, 26, 11]]",NA,NA,NA
16,12,5,1,Partial,Partial,"[[16, 29, 23, 10, 4, 12]]",3,1,SSGGG
16,13,4,2,Partial,Partial,"[[16, 7, 18, 24, 13], [16, 29, 23, 10, 13]]",NA,NA,NA
16,14,7,2,Partial,Partial,"[[16, 3, 9, 28, 22, 11, 5, 14], [16, 3, 9, 20, 26, 11, 5, 14]]",NA,NA,NA
16,15,5,1,Partial,Partial,"[[16, 3, 9, 20, 26, 15]]",2,2,SGSGG
16,17,3,2,Partial,Partial,"[[16, 7, 1, 17], [16, 3, 9, 17]]",NA,NA,NA
16,18,2,1,Partial,Partial,"[[16, 7, 18]]",1,0,GG
16,19,7,1,Partial,Partial,"[[16, 29, 23, 10, 4, 12, 25, 19]]",5,1,SSSSGGG
16,20,3,1,Partial,Partial,"[[16, 3, 9, 20]]",1,0,GGG
16,21,7,3,Partial,Partial,"[[16, 7, 18, 24, 13, 2, 8, 21], [16, 29, 23, 10, 13, 2, 8, 21], [16, 29, 23, 10, 4, 12, 8, 21]]",NA,NA,NA
16,22,4,1,Partial,Partial,"[[16, 3, 9, 28, 22]]",2,1,SGGG
16,23,2,1,Partial,Partial,"[[16, 29, 23]]",1,0,GG
16,24,3,1,Partial,Partial,"[[16, 7, 18, 24]]",2,1,SGG
16,25,6,1,Partial,Partial,"[[16, 29, 23, 10, 4, 12, 25]]",3,2,SSGSGG
16,26,4,1,Partial,Partial,"[[16, 3, 9, 20, 26]]",2,1,SGGG
16,27,8,6,Partial,Partial,"[[16, 7, 18, 24, 13, 2, 8, 21, 27], [16, 29, 23, 10, 13, 2, 8, 21, 27], [16, 29, 23, 10, 4, 12, 8, 21, 27], [16, 3, 9, 28, 22, 11, 5, 14, 27], [16, 3, 9, 20, 26, 11, 5, 14, 27], [16, 3, 9, 20, 26, 15, 0, 6, 27]]",NA,NA,NA
16,28,3,1,Partial,Partial,"[[16, 3, 9, 28]]",2,1,SGG
16,29,1,1,Partial,Partial,"[[16, 29]]",1,0,G
16,30,4,1,Partial,Tower,"[[16, 3, 9, 28, 30]]",2,1,SGGG
16,31,4,1,Partial,Tower,"[[16, 3, 9, 20, 31]]",2,1,SGGG
16,32,2,1,Partial,Tower,"[[16, 29, 32]]",1,0,GG
16,33,3,1,Partial,Tower,"[[16, 7, 18, 33]]",2,1,SGG
16,34,8,3,Partial,Tower,"[[16, 7, 18, 24, 13, 2, 8, 21, 34], [16, 29, 23, 10, 13, 2, 8, 21, 34], [16, 29, 23, 10, 4, 12, 8, 21, 34]]",NA,NA,NA
16,35,7,1,Partial,Tower,"[[16, 29, 23, 10, 4, 12, 25, 35]]",5,1,SSSSGGG
17,00,5,2,Partial,Partial,"[[17, 9, 20, 26, 15, 0], [17, 28, 22, 11, 15, 0]]",NA,NA,NA
17,01,1,1,Partial,Partial,"[[17, 1]]",1,0,G
17,02,6,1,Partial,Partial,"[[17, 1, 7, 18, 24, 13, 2]]",4,1,SSSGGG
17,03,2,1,Partial,Partial,"[[17, 9, 3]]",1,0,GG
17,04,6,2,Partial,Partial,"[[17, 1, 7, 29, 23, 10, 4], [17, 1, 7, 18, 24, 10, 4]]",NA,NA,NA
17,05,4,1,Partial,Partial,"[[17, 28, 22, 11, 5]]",2,1,SGGG
17,06,6,3,Partial,Flat,"[[17, 9, 20, 26, 15, 0, 6], [17, 28, 22, 11, 15, 0, 6], [17, 28, 22, 11, 5, 14, 6]]",NA,NA,NA
17,07,2,1,Partial,Flat,"[[17, 1, 7]]",1,0,GG
17,08,7,1,Partial,Flat,"[[17, 1, 7, 18, 24, 13, 2, 8]]",4,2,SSSGSGG
17,09,1,1,Partial,Flat,"[[17, 9]]",1,0,G
17,10,5,2,Partial,Flat,"[[17, 1, 7, 29, 23, 10], [17, 1, 7, 18, 24, 10]]",NA,NA,NA
17,11,3,1,Partial,Flat,"[[17, 28, 22, 11]]",2,1,SGG
17,12,7,2,Partial,Partial,"[[17, 1, 7, 29, 23, 10, 4, 12], [17, 1, 7, 18, 24, 10, 4, 12]]",NA,NA,NA
17,13,5,1,Partial,Partial,"[[17, 1, 7, 18, 24, 13]]",2,2,SGSGG
17,14,5,1,Partial,Partial,"[[17, 28, 22, 11, 5, 14]]",3,1,SSGGG
17,15,4,2,Partial,Partial,"[[17, 9, 20, 26, 15], [17, 28, 22, 11, 15]]",NA,NA,NA
17,16,3,2,Partial,Partial,"[[17, 9, 3, 16], [17, 1, 7, 16]]",NA,NA,NA
17,18,3,1,Partial,Partial,"[[17, 1, 7, 18]]",1,0,GGG
17,19,7,3,Partial,Partial,"[[17, 9, 20, 26, 15, 0, 6, 19], [17, 28, 22, 11, 15, 0, 6, 19], [17, 28, 22, 11, 5, 14, 6, 19]]",NA,NA,NA
17,20,2,1,Partial,Partial,"[[17, 9, 20]]",1,0,GG
17,21,7,1,Partial,Partial,"[[17, 28, 22, 11, 5, 14, 27, 21]]",5,1,SSSSGGG
17,22,2,1,Partial,Partial,"[[17, 28, 22]]",1,0,GG
17,23,4,1,Partial,Partial,"[[17, 1, 7, 29, 23]]",2,1,SGGG
17,24,4,1,Partial,Partial,"[[17, 1, 7, 18, 24]]",2,1,SGGG
17,25,8,6,Partial,Partial,"[[17, 9, 20, 26, 15, 0, 6, 19, 25], [17, 28, 22, 11, 15, 0, 6, 19, 25], [17, 28, 22, 11, 5, 14, 6, 19, 25], [17, 1, 7, 29, 23, 10, 4, 12, 25], [17, 1, 7, 18, 24, 10, 4, 12, 25], [17, 1, 7, 18, 24, 13, 2, 8, 25]]",NA,NA,NA
17,26,3,1,Partial,Partial,"[[17, 9, 20, 26]]",2,1,SGG
17,27,6,1,Partial,Partial,"[[17, 28, 22, 11, 5, 14, 27]]",3,2,SSGSGG
17,28,1,1,Partial,Partial,"[[17, 28]]",1,0,G
17,29,3,1,Partial,Partial,"[[17, 1, 7, 29]]",2,1,SGG
17,30,2,1,Partial,Tower,"[[17, 28, 30]]",1,0,GG
17,31,3,1,Partial,Tower,"[[17, 9, 20, 31]]",2,1,SGG
17,32,4,1,Partial,Tower,"[[17, 1, 7, 29, 32]]",2,1,SGGG
17,33,4,1,Partial,Tower,"[[17, 1, 7, 18, 33]]",2,1,SGGG
17,34,7,1,Partial,Tower,"[[17, 28, 22, 11, 5, 14, 27, 34]]",5,1,SSSSGGG
17,35,8,3,Partial,Tower,"[[17, 9, 20, 26, 15, 0, 6, 19, 35], [17, 28, 22, 11, 15, 0, 6, 19, 35], [17, 28, 22, 11, 5, 14, 6, 19, 35]]",NA,NA,NA
18,00,8,6,Partial,Partial,"[[18, 24, 10, 4, 12, 25, 19, 6, 0], [18, 24, 13, 2, 8, 25, 19, 6, 0], [18, 24, 13, 2, 8, 21, 27, 6, 0], [18, 7, 16, 3, 9, 20, 26, 15, 0], [18, 7, 1, 17, 9, 20, 26, 15, 0], [18, 7, 1, 17, 28, 22, 11, 15, 0]]",NA,NA,NA
18,01,2,1,Partial,Partial,"[[18, 7, 1]]",1,0,GG
18,02,3,1,Partial,Partial,"[[18, 24, 13, 2]]",1,0,GGG
18,03,3,1,Partial,Partial,"[[18, 7, 16, 3]]",1,0,GGG
18,04,3,1,Partial,Partial,"[[18, 24, 10, 4]]",1,0,GGG
18,05,7,1,Partial,Partial,"[[18, 7, 1, 17, 28, 22, 11, 5]]",5,1,SSSSGGG
18,06,7,3,Partial,Flat,"[[18, 24, 10, 4, 12, 25, 19, 6], [18, 24, 13, 2, 8, 25, 19, 6], [18, 24, 13, 2, 8, 21, 27, 6]]",NA,NA,NA
18,07,1,1,Partial,Flat,"[[18, 7]]",1,0,G
18,08,4,1,Partial,Flat,"[[18, 24, 13, 2, 8]]",1,1,GSGG
18,09,4,2,Partial,Flat,"[[18, 7, 16, 3, 9], [18, 7, 1, 17, 9]]",NA,NA,NA
18,10,2,1,Partial,Flat,"[[18, 24, 10]]",1,0,GG
18,11,6,1,Partial,Flat,"[[18, 7, 1, 17, 28, 22, 11]]",3,2,SSGSGG
18,12,4,1,Partial,Partial,"[[18, 24, 10, 4, 12]]",1,1,GSGG
18,13,2,1,Partial,Partial,"[[18, 24, 13]]",1,0,GG
18,14,7,1,Partial,Partial,"[[18, 24, 13, 2, 8, 21, 27, 14]]",4,2,SSSGSGG
18,15,7,3,Partial,Partial,"[[18, 7, 16, 3, 9, 20, 26, 15], [18, 7, 1, 17, 9, 20, 26, 15], [18, 7, 1, 17, 28, 22, 11, 15]]",NA,NA,NA
18,16,2,1,Partial,Partial,"[[18, 7, 16]]",1,0,GG
18,17,3,1,Partial,Partial,"[[18, 7, 1, 17]]",1,0,GGG
18,19,6,2,Partial,Partial,"[[18, 24, 10, 4, 12, 25, 19], [18, 24, 13, 2, 8, 25, 19]]",NA,NA,NA
18,20,5,2,Partial,Partial,"[[18, 7, 16, 3, 9, 20], [18, 7, 1, 17, 9, 20]]",NA,NA,NA
18,21,5,1,Partial,Partial,"[[18, 24, 13, 2, 8, 21]]",3,1,SSGGG
18,22,5,1,Partial,Partial,"[[18, 7, 1, 17, 28, 22]]",3,1,SSGGG
18,23,3,2,Partial,Partial,"[[18, 24, 10, 23], [18, 7, 29, 23]]",NA,NA,NA
18,24,1,1,Partial,Partial,"[[18, 24]]",1,0,G
18,25,5,2,Partial,Partial,"[[18, 24, 10, 4, 12, 25], [18, 24, 13, 2, 8, 25]]",NA,NA,NA
18,26,6,2,Partial,Partial,"[[18, 7, 16, 3, 9, 20, 26], [18, 7, 1, 17, 9, 20, 26]]",NA,NA,NA
18,27,6,1,Partial,Partial,"[[18, 24, 13, 2, 8, 21, 27]]",4,1,SSSGGG
18,28,4,1,Partial,Partial,"[[18, 7, 1, 17, 28]]",1,1,GSGG
18,29,2,1,Partial,Partial,"[[18, 7, 29]]",1,0,GG
18,30,5,1,Partial,Tower,"[[18, 7, 1, 17, 28, 30]]",3,1,SSGGG
18,31,6,2,Partial,Tower,"[[18, 7, 16, 3, 9, 20, 31], [18, 7, 1, 17, 9, 20, 31]]",NA,NA,NA
18,32,3,1,Partial,Tower,"[[18, 7, 29, 32]]",2,1,SGG
18,33,1,1,Partial,Tower,"[[18, 33]]",1,0,G
18,34,6,1,Partial,Tower,"[[18, 24, 13, 2, 8, 21, 34]]",4,1,SSSGGG
18,35,6,2,Partial,Tower,"[[18, 24, 10, 4, 12, 25, 35], [18, 24, 13, 2, 8, 25, 35]]",NA,NA,NA
19,00,2,1,Partial,Partial,"[[19, 6, 0]]",1,0,GG
19,01,8,6,Partial,Partial,"[[19, 25, 8, 2, 13, 24, 18, 7, 1], [19, 25, 12, 4, 10, 24, 18, 7, 1], [19, 25, 12, 4, 10, 23, 29, 7, 1], [19, 6, 14, 5, 11, 22, 28, 17, 1], [19, 6, 0, 15, 11, 22, 28, 17, 1], [19, 6, 0, 15, 26, 20, 9, 17, 1]]",NA,NA,NA
19,02,3,1,Partial,Partial,"[[19, 25, 8, 2]]",1,0,GGG
19,03,7,1,Partial,Partial,"[[19, 6, 0, 15, 26, 20, 9, 3]]",5,1,SSSSGGG
19,04,3,1,Partial,Partial,"[[19, 25, 12, 4]]",1,0,GGG
19,05,3,1,Partial,Partial,"[[19, 6, 14, 5]]",1,0,GGG
19,06,1,1,Partial,Flat,"[[19, 6]]",1,0,G
19,07,7,3,Partial,Flat,"[[19, 25, 8, 2, 13, 24, 18, 7], [19, 25, 12, 4, 10, 24, 18, 7], [19, 25, 12, 4, 10, 23, 29, 7]]",NA,NA,NA
19,08,2,1,Partial,Flat,"[[19, 25, 8]]",1,0,GG
19,09,6,1,Partial,Flat,"[[19, 6, 0, 15, 26, 20, 9]]",3,2,SSGSGG
19,10,4,1,Partial,Flat,"[[19, 25, 12, 4, 10]]",1,1,GSGG
19,11,4,2,Partial,Flat,"[[19, 6, 14, 5, 11], [19, 6, 0, 15, 11]]",NA,NA,NA
19,12,2,1,Partial,Partial,"[[19, 25, 12]]",1,0,GG
19,13,4,1,Partial,Partial,"[[19, 25, 8, 2, 13]]",1,1,GSGG
19,14,2,1,Partial,Partial,"[[19, 6, 14]]",1,0,GG
19,15,3,1,Partial,Partial,"[[19, 6, 0, 15]]",1,0,GGG
19,16,7,1,Partial,Partial,"[[19, 25, 12, 4, 10, 23, 29, 16]]",4,2,SSSGSGG
19,17,7,3,Partial,Partial,"[[19, 6, 14, 5, 11, 22, 28, 17], [19, 6, 0, 15, 11, 22, 28, 17], [19, 6, 0, 15, 26, 20, 9, 17]]",NA,NA,NA
19,18,6,2,Partial,Partial,"[[19, 25, 8, 2, 13, 24, 18], [19, 25, 12, 4, 10, 24, 18]]",NA,NA,NA
19,20,5,1,Partial,Partial,"[[19, 6, 0, 15, 26, 20]]",3,1,SSGGG
19,21,3,2,Partial,Partial,"[[19, 25, 8, 21], [19, 6, 27, 21]]",NA,NA,NA
19,22,5,2,Partial,Partial,"[[19, 6, 14, 5, 11, 22], [19, 6, 0, 15, 11, 22]]",NA,NA,NA
19,23,5,1,Partial,Partial,"[[19, 25, 12, 4, 10, 23]]",3,1,SSGGG
19,24,5,2,Partial,Partial,"[[19, 25, 8, 2, 13, 24], [19, 25, 12, 4, 10, 24]]",NA,NA,NA
19,25,1,1,Partial,Partial,"[[19, 25]]",1,0,G
19,26,4,1,Partial,Partial,"[[19, 6, 0, 15, 26]]",1,1,GSGG
19,27,2,1,Partial,Partial,"[[19, 6, 27]]",1,0,GG
19,28,6,2,Partial,Partial,"[[19, 6, 14, 5, 11, 22, 28], [19, 6, 0, 15, 11, 22, 28]]",NA,NA,NA
19,29,6,1,Partial,Partial,"[[19, 25, 12, 4, 10, 23, 29]]",4,1,SSSGGG
19,30,6,2,Partial,Tower,"[[19, 6, 14, 5, 11, 22, 30], [19, 6, 0, 15, 11, 22, 30]]",NA,NA,NA
19,31,5,1,Partial,Tower,"[[19, 6, 0, 15, 26, 31]]",3,1,SSGGG
19,32,6,1,Partial,Tower,"[[19, 25, 12, 4, 10, 23, 32]]",4,1,SSSGGG
19,33,6,2,Partial,Tower,"[[19, 25, 8, 2, 13, 24, 33], [19, 25, 12, 4, 10, 24, 33]]",NA,NA,NA
19,34,3,1,Partial,Tower,"[[19, 6, 27, 34]]",2,1,SGG
19,35,1,1,Partial,Tower,"[[19, 35]]",1,0,G
20,00,3,1,Partial,Partial,"[[20, 26, 15, 0]]",1,0,GGG
20,01,3,1,Partial,Partial,"[[20, 9, 17, 1]]",1,0,GGG
20,02,8,6,Partial,Partial,"[[20, 26, 11, 5, 14, 27, 21, 8, 2], [20, 26, 15, 0, 6, 27, 21, 8, 2], [20, 26, 15, 0, 6, 19, 25, 8, 2], [20, 9, 17, 1, 7, 18, 24, 13, 2], [20, 9, 3, 16, 7, 18, 24, 13, 2], [20, 9, 3, 16, 29, 23, 10, 13, 2]]",NA,NA,NA
20,03,2,1,Partial,Partial,"[[20, 9, 3]]",1,0,GG
20,04,7,1,Partial,Partial,"[[20, 9, 3, 16, 29, 23, 10, 4]]",5,1,SSSSGGG
20,05,3,1,Partial,Partial,"[[20, 26, 11, 5]]",1,0,GGG
20,06,4,1,Partial,Flat,"[[20, 26, 15, 0, 6]]",1,1,GSGG
20,07,4,2,Partial,Flat,"[[20, 9, 17, 1, 7], [20, 9, 3, 16, 7]]",NA,NA,NA
20,08,7,3,Partial,Flat,"[[20, 26, 11, 5, 14, 27, 21, 8], [20, 26, 15, 0, 6, 27, 21, 8], [20, 26, 15, 0, 6, 19, 25, 8]]",NA,NA,NA
20,09,1,1,Partial,Flat,"[[20, 9]]",1,0,G
20,10,6,1,Partial,Flat,"[[20, 9, 3, 16, 29, 23, 10]]",3,2,SSGSGG
20,11,2,1,Partial,Flat,"[[20, 26, 11]]",1,0,GG
20,12,7,1,Partial,Partial,"[[20, 26, 15, 0, 6, 19, 25, 12]]",4,2,SSSGSGG
20,13,7,3,Partial,Partial,"[[20, 9, 17, 1, 7, 18, 24, 13], [20, 9, 3, 16, 7, 18, 24, 13], [20, 9, 3, 16, 29, 23, 10, 13]]",NA,NA,NA
20,14,4,1,Partial,Partial,"[[20, 26, 11, 5, 14]]",1,1,GSGG
20,15,2,1,Partial,Partial,"[[20, 26, 15]]",1,0,GG
20,16,3,1,Partial,Partial,"[[20, 9, 3, 16]]",1,0,GGG
20,17,2,1,Partial,Partial,"[[20, 9, 17]]",1,0,GG
20,18,5,2,Partial,Partial,"[[20, 9, 17, 1, 7, 18], [20, 9, 3, 16, 7, 18]]",NA,NA,NA
20,19,5,1,Partial,Partial,"[[20, 26, 15, 0, 6, 19]]",3,1,SSGGG
20,21,6,2,Partial,Partial,"[[20, 26, 11, 5, 14, 27, 21], [20, 26, 15, 0, 6, 27, 21]]",NA,NA,NA
20,22,3,2,Partial,Partial,"[[20, 26, 11, 22], [20, 9, 28, 22]]",NA,NA,NA
20,23,5,1,Partial,Partial,"[[20, 9, 3, 16, 29, 23]]",3,1,SSGGG
20,24,6,2,Partial,Partial,"[[20, 9, 17, 1, 7, 18, 24], [20, 9, 3, 16, 7, 18, 24]]",NA,NA,NA
20,25,6,1,Partial,Partial,"[[20, 26, 15, 0, 6, 19, 25]]",4,1,SSSGGG
20,26,1,1,Partial,Partial,"[[20, 26]]",1,0,G
20,27,5,2,Partial,Partial,"[[20, 26, 11, 5, 14, 27], [20, 26, 15, 0, 6, 27]]",NA,NA,NA
20,28,2,1,Partial,Partial,"[[20, 9, 28]]",1,0,GG
20,29,4,1,Partial,Partial,"[[20, 9, 3, 16, 29]]",1,1,GSGG
20,30,3,1,Partial,Tower,"[[20, 9, 28, 30]]",2,1,SGG
20,31,1,1,Partial,Tower,"[[20, 31]]",1,0,G
20,32,5,1,Partial,Tower,"[[20, 9, 3, 16, 29, 32]]",3,1,SSGGG
20,33,6,2,Partial,Tower,"[[20, 9, 17, 1, 7, 18, 33], [20, 9, 3, 16, 7, 18, 33]]",NA,NA,NA
20,34,6,2,Partial,Tower,"[[20, 26, 11, 5, 14, 27, 34], [20, 26, 15, 0, 6, 27, 34]]",NA,NA,NA
20,35,6,1,Partial,Tower,"[[20, 26, 15, 0, 6, 19, 35]]",4,1,SSSGGG
21,00,3,1,Partial,Partial,"[[21, 27, 6, 0]]",1,0,GGG
21,01,7,1,Partial,Partial,"[[21, 8, 2, 13, 24, 18, 7, 1]]",5,1,SSSSGGG
21,02,2,1,Partial,Partial,"[[21, 8, 2]]",1,0,GG
21,03,8,6,Partial,Partial,"[[21, 27, 6, 0, 15, 26, 20, 9, 3], [21, 27, 14, 5, 11, 26, 20, 9, 3], [21, 27, 14, 5, 11, 22, 28, 9, 3], [21, 8, 12, 4, 10, 23, 29, 16, 3], [21, 8, 2, 13, 10, 23, 29, 16, 3], [21, 8, 2, 13, 24, 18, 7, 16, 3]]",NA,NA,NA
21,04,3,1,Partial,Partial,"[[21, 8, 12, 4]]",1,0,GGG
21,05,3,1,Partial,Partial,"[[21, 27, 14, 5]]",1,0,GGG
21,06,2,1,Partial,Flat,"[[21, 27, 6]]",1,0,GG
21,07,6,1,Partial,Flat,"[[21, 8, 2, 13, 24, 18, 7]]",3,2,SSGSGG
21,08,1,1,Partial,Flat,"[[21, 8]]",1,0,G
21,09,7,3,Partial,Flat,"[[21, 27, 6, 0, 15, 26, 20, 9], [21, 27, 14, 5, 11, 26, 20, 9], [21, 27, 14, 5, 11, 22, 28, 9]]",NA,NA,NA
21,10,4,2,Partial,Flat,"[[21, 8, 12, 4, 10], [21, 8, 2, 13, 10]]",NA,NA,NA
21,11,4,1,Partial,Flat,"[[21, 27, 14, 5, 11]]",1,1,GSGG
21,12,2,1,Partial,Partial,"[[21, 8, 12]]",1,0,GG
21,13,3,1,Partial,Partial,"[[21, 8, 2, 13]]",1,0,GGG
21,14,2,1,Partial,Partial,"[[21, 27, 14]]",1,0,GG
21,15,4,1,Partial,Partial,"[[21, 27, 6, 0, 15]]",1,1,GSGG
21,16,7,3,Partial,Partial,"[[21, 8, 12, 4, 10, 23, 29, 16], [21, 8, 2, 13, 10, 23, 29, 16], [21, 8, 2, 13, 24, 18, 7, 16]]",NA,NA,NA
21,17,7,1,Partial,Partial,"[[21, 27, 14, 5, 11, 22, 28, 17]]",4,2,SSSGSGG
21,18,5,1,Partial,Partial,"[[21, 8, 2, 13, 24, 18]]",3,1,SSGGG
21,19,3,2,Partial,Partial,"[[21, 27, 6, 19], [21, 8, 25, 19]]",NA,NA,NA
21,20,6,2,Partial,Partial,"[[21, 27, 6, 0, 15, 26, 20], [21, 27, 14, 5, 11, 26, 20]]",NA,NA,NA
21,22,5,1,Partial,Partial,"[[21, 27, 14, 5, 11, 22]]",3,1,SSGGG
21,23,5,2,Partial,Partial,"[[21, 8, 12, 4, 10, 23], [21, 8, 2, 13, 10, 23]]",NA,NA,NA
21,24,4,1,Partial,Partial,"[[21, 8, 2, 13, 24]]",1,1,GSGG
21,25,2,1,Partial,Partial,"[[21, 8, 25]]",1,0,GG
21,26,5,2,Partial,Partial,"[[21, 27, 6, 0, 15, 26], [21, 27, 14, 5, 11, 26]]",NA,NA,NA
21,27,1,1,Partial,Partial,"[[21, 27]]",1,0,G
21,28,6,1,Partial,Partial,"[[21, 27, 14, 5, 11, 22, 28]]",4,1,SSSGGG
21,29,6,2,Partial,Partial,"[[21, 8, 12, 4, 10, 23, 29], [21, 8, 2, 13, 10, 23, 29]]",NA,NA,NA
21,30,6,1,Partial,Tower,"[[21, 27, 14, 5, 11, 22, 30]]",4,1,SSSGGG
21,31,6,2,Partial,Tower,"[[21, 27, 6, 0, 15, 26, 31], [21, 27, 14, 5, 11, 26, 31]]",NA,NA,NA
21,32,6,2,Partial,Tower,"[[21, 8, 12, 4, 10, 23, 32], [21, 8, 2, 13, 10, 23, 32]]",NA,NA,NA
21,33,5,1,Partial,Tower,"[[21, 8, 2, 13, 24, 33]]",3,1,SSGGG
21,34,1,1,Partial,Tower,"[[21, 34]]",1,0,G
21,35,3,1,Partial,Tower,"[[21, 8, 25, 35]]",2,1,SGG
22,00,3,1,Partial,Partial,"[[22, 11, 15, 0]]",1,0,GGG
22,01,3,1,Partial,Partial,"[[22, 28, 17, 1]]",1,0,GGG
22,02,7,1,Partial,Partial,"[[22, 11, 5, 14, 27, 21, 8, 2]]",5,1,SSSSGGG
22,03,3,1,Partial,Partial,"[[22, 28, 9, 3]]",1,0,GGG
22,04,8,6,Partial,Partial,"[[22, 28, 9, 3, 16, 29, 23, 10, 4], [22, 28, 17, 1, 7, 29, 23, 10, 4], [22, 28, 17, 1, 7, 18, 24, 10, 4], [22, 11, 15, 0, 6, 19, 25, 12, 4], [22, 11, 5, 14, 6, 19, 25, 12, 4], [22, 11, 5, 14, 27, 21, 8, 12, 4]]",NA,NA,NA
22,05,2,1,Partial,Partial,"[[22, 11, 5]]",1,0,GG
22,06,4,2,Partial,Flat,"[[22, 11, 15, 0, 6], [22, 11, 5, 14, 6]]",NA,NA,NA
22,07,4,1,Partial,Flat,"[[22, 28, 17, 1, 7]]",1,1,GSGG
22,08,6,1,Partial,Flat,"[[22, 11, 5, 14, 27, 21, 8]]",3,2,SSGSGG
22,09,2,1,Partial,Flat,"[[22, 28, 9]]",1,0,GG
22,10,7,3,Partial,Flat,"[[22, 28, 9, 3, 16, 29, 23, 10], [22, 28, 17, 1, 7, 29, 23, 10], [22, 28, 17, 1, 7, 18, 24, 10]]",NA,NA,NA
22,11,1,1,Partial,Flat,"[[22, 11]]",1,0,G
22,12,7,3,Partial,Partial,"[[22, 11, 15, 0, 6, 19, 25, 12], [22, 11, 5, 14, 6, 19, 25, 12], [22, 11, 5, 14, 27, 21, 8, 12]]",NA,NA,NA
22,13,7,1,Partial,Partial,"[[22, 28, 17, 1, 7, 18, 24, 13]]",4,2,SSSGSGG
22,14,3,1,Partial,Partial,"[[22, 11, 5, 14]]",1,0,GGG
22,15,2,1,Partial,Partial,"[[22, 11, 15]]",1,0,GG
22,16,4,1,Partial,Partial,"[[22, 28, 9, 3, 16]]",1,1,GSGG
22,17,2,1,Partial,Partial,"[[22, 28, 17]]",1,0,GG
22,18,5,1,Partial,Partial,"[[22, 28, 17, 1, 7, 18]]",3,1,SSGGG
22,19,5,2,Partial,Partial,"[[22, 11, 15, 0, 6, 19], [22, 11, 5, 14, 6, 19]]",NA,NA,NA
22,20,3,2,Partial,Partial,"[[22, 28, 9, 20], [22, 11, 26, 20]]",NA,NA,NA
22,21,5,1,Partial,Partial,"[[22, 11, 5, 14, 27, 21]]",3,1,SSGGG
22,23,6,2,Partial,Partial,"[[22, 28, 9, 3, 16, 29, 23], [22, 28, 17, 1, 7, 29, 23]]",NA,NA,NA
22,24,6,1,Partial,Partial,"[[22, 28, 17, 1, 7, 18, 24]]",4,1,SSSGGG
22,25,6,2,Partial,Partial,"[[22, 11, 15, 0, 6, 19, 25], [22, 11, 5, 14, 6, 19, 25]]",NA,NA,NA
22,26,2,1,Partial,Partial,"[[22, 11, 26]]",1,0,GG
22,27,4,1,Partial,Partial,"[[22, 11, 5, 14, 27]]",1,1,GSGG
22,28,1,1,Partial,Partial,"[[22, 28]]",1,0,G
22,29,5,2,Partial,Partial,"[[22, 28, 9, 3, 16, 29], [22, 28, 17, 1, 7, 29]]",NA,NA,NA
22,30,1,1,Partial,Tower,"[[22, 30]]",1,0,G
22,31,3,1,Partial,Tower,"[[22, 11, 26, 31]]",2,1,SGG
22,32,6,2,Partial,Tower,"[[22, 28, 9, 3, 16, 29, 32], [22, 28, 17, 1, 7, 29, 32]]",NA,NA,NA
22,33,6,1,Partial,Tower,"[[22, 28, 17, 1, 7, 18, 33]]",4,1,SSSGGG
22,34,5,1,Partial,Tower,"[[22, 11, 5, 14, 27, 34]]",3,1,SSGGG
22,35,6,2,Partial,Tower,"[[22, 11, 15, 0, 6, 19, 35], [22, 11, 5, 14, 6, 19, 35]]",NA,NA,NA
23,00,7,1,Partial,Partial,"[[23, 10, 4, 12, 25, 19, 6, 0]]",5,1,SSSSGGG
23,01,3,1,Partial,Partial,"[[23, 29, 7, 1]]",1,0,GGG
23,02,3,1,Partial,Partial,"[[23, 10, 13, 2]]",1,0,GGG
23,03,3,1,Partial,Partial,"[[23, 29, 16, 3]]",1,0,GGG
23,04,2,1,Partial,Partial,"[[23, 10, 4]]",1,0,GG
23,05,8,6,Partial,Partial,"[[23, 29, 7, 1, 17, 28, 22, 11, 5], [23, 29, 16, 3, 9, 28, 22, 11, 5], [23, 29, 16, 3, 9, 20, 26, 11, 5], [23, 10, 13, 2, 8, 21, 27, 14, 5], [23, 10, 4, 12, 8, 21, 27, 14, 5], [23, 10, 4, 12, 25, 19, 6, 14, 5]]",NA,NA,NA
23,06,6,1,Partial,Flat,"[[23, 10, 4, 12, 25, 19, 6]]",3,2,SSGSGG
23,07,2,1,Partial,Flat,"[[23, 29, 7]]",1,0,GG
23,08,4,2,Partial,Flat,"[[23, 10, 13, 2, 8], [23, 10, 4, 12, 8]]",NA,NA,NA
23,09,4,1,Partial,Flat,"[[23, 29, 16, 3, 9]]",1,1,GSGG
23,10,1,1,Partial,Flat,"[[23, 10]]",1,0,G
23,11,7,3,Partial,Flat,"[[23, 29, 7, 1, 17, 28, 22, 11], [23, 29, 16, 3, 9, 28, 22, 11], [23, 29, 16, 3, 9, 20, 26, 11]]",NA,NA,NA
23,12,3,1,Partial,Partial,"[[23, 10, 4, 12]]",1,0,GGG
23,13,2,1,Partial,Partial,"[[23, 10, 13]]",1,0,GG
23,14,7,3,Partial,Partial,"[[23, 10, 13, 2, 8, 21, 27, 14], [23, 10, 4, 12, 8, 21, 27, 14], [23, 10, 4, 12, 25, 19, 6, 14]]",NA,NA,NA
23,15,7,1,Partial,Partial,"[[23, 29, 16, 3, 9, 20, 26, 15]]",4,2,SSSGSGG
23,16,2,1,Partial,Partial,"[[23, 29, 16]]",1,0,GG
23,17,4,1,Partial,Partial,"[[23, 29, 7, 1, 17]]",1,1,GSGG
23,18,3,2,Partial,Partial,"[[23, 29, 7, 18], [23, 10, 24, 18]]",NA,NA,NA
23,19,5,1,Partial,Partial,"[[23, 10, 4, 12, 25, 19]]",3,1,SSGGG
23,20,5,1,Partial,Partial,"[[23, 29, 16, 3, 9, 20]]",3,1,SSGGG
23,21,5,2,Partial,Partial,"[[23, 10, 13, 2, 8, 21], [23, 10, 4, 12, 8, 21]]",NA,NA,NA
23,22,6,2,Partial,Partial,"[[23, 29, 7, 1, 17, 28, 22], [23, 29, 16, 3, 9, 28, 22]]",NA,NA,NA
23,24,2,1,Partial,Partial,"[[23, 10, 24]]",1,0,GG
23,25,4,1,Partial,Partial,"[[23, 10, 4, 12, 25]]",1,1,GSGG
23,26,6,1,Partial,Partial,"[[23, 29, 16, 3, 9, 20, 26]]",4,1,SSSGGG
23,27,6,2,Partial,Partial,"[[23, 10, 13, 2, 8, 21, 27], [23, 10, 4, 12, 8, 21, 27]]",NA,NA,NA
23,28,5,2,Partial,Partial,"[[23, 29, 7, 1, 17, 28], [23, 29, 16, 3, 9, 28]]",NA,NA,NA
23,29,1,1,Partial,Partial,"[[23, 29]]",1,0,G
23,30,6,2,Partial,Tower,"[[23, 29, 7, 1, 17, 28, 30], [23, 29, 16, 3, 9, 28, 30]]",NA,NA,NA
23,31,6,1,Partial,Tower,"[[23, 29, 16, 3, 9, 20, 31]]",4,1,SSSGGG
23,32,1,1,Partial,Tower,"[[23, 32]]",1,0,G
23,33,3,1,Partial,Tower,"[[23, 10, 24, 33]]",2,1,SGG
23,34,6,2,Partial,Tower,"[[23, 10, 13, 2, 8, 21, 34], [23, 10, 4, 12, 8, 21, 34]]",NA,NA,NA
23,35,5,1,Partial,Tower,"[[23, 10, 4, 12, 25, 35]]",3,1,SSGGG
24,00,7,3,Partial,Partial,"[[24, 10, 4, 12, 25, 19, 6, 0], [24, 13, 2, 8, 25, 19, 6, 0], [24, 13, 2, 8, 21, 27, 6, 0]]",NA,NA,NA
24,01,3,1,Partial,Partial,"[[24, 18, 7, 1]]",1,0,GGG
24,02,2,1,Partial,Partial,"[[24, 13, 2]]",1,0,GG
24,03,4,1,Partial,Partial,"[[24, 18, 7, 16, 3]]",2,1,SGGG
24,04,2,1,Partial,Partial,"[[24, 10, 4]]",1,0,GG
24,05,7,1,Partial,Partial,"[[24, 13, 2, 8, 21, 27, 14, 5]]",5,1,SSSSGGG
24,06,6,3,Partial,Flat,"[[24, 10, 4, 12, 25, 19, 6], [24, 13, 2, 8, 25, 19, 6], [24, 13, 2, 8, 21, 27, 6]]",NA,NA,NA
24,07,2,1,Partial,Flat,"[[24, 18, 7]]",1,0,GG
24,08,3,1,Partial,Flat,"[[24, 13, 2, 8]]",2,1,SGG
24,09,5,2,Partial,Flat,"[[24, 18, 7, 16, 3, 9], [24, 18, 7, 1, 17, 9]]",NA,NA,NA
24,10,1,1,Partial,Flat,"[[24, 10]]",1,0,G
24,11,7,1,Partial,Flat,"[[24, 18, 7, 1, 17, 28, 22, 11]]",4,2,SSSGSGG
24,12,3,1,Partial,Partial,"[[24, 10, 4, 12]]",2,1,SGG
24,13,1,1,Partial,Partial,"[[24, 13]]",1,0,G
24,14,6,1,Partial,Partial,"[[24, 13, 2, 8, 21, 27, 14]]",3,2,SSGSGG
24,15,8,6,Partial,Partial,"[[24, 18, 7, 16, 3, 9, 20, 26, 15], [24, 18, 7, 1, 17, 9, 20, 26, 15], [24, 18, 7, 1, 17, 28, 22, 11, 15], [24, 10, 4, 12, 25, 19, 6, 0, 15], [24, 13, 2, 8, 25, 19, 6, 0, 15], [24, 13, 2, 8, 21, 27, 6, 0, 15]]",NA,NA,NA
24,16,3,1,Partial,Partial,"[[24, 18, 7, 16]]",2,1,SGG
24,17,4,1,Partial,Partial,"[[24, 18, 7, 1, 17]]",2,1,SGGG
24,18,1,1,Partial,Partial,"[[24, 18]]",1,0,G
24,19,5,2,Partial,Partial,"[[24, 10, 4, 12, 25, 19], [24, 13, 2, 8, 25, 19]]",NA,NA,NA
24,20,6,2,Partial,Partial,"[[24, 18, 7, 16, 3, 9, 20], [24, 18, 7, 1, 17, 9, 20]]",NA,NA,NA
24,21,4,1,Partial,Partial,"[[24, 13, 2, 8, 21]]",2,1,SGGG
24,22,6,1,Partial,Partial,"[[24, 18, 7, 1, 17, 28, 22]]",4,1,SSSGGG
24,23,2,1,Partial,Partial,"[[24, 10, 23]]",1,0,GG
24,25,4,2,Partial,Partial,"[[24, 10, 4, 12, 25], [24, 13, 2, 8, 25]]",NA,NA,NA
24,26,7,2,Partial,Partial,"[[24, 18, 7, 16, 3, 9, 20, 26], [24, 18, 7, 1, 17, 9, 20, 26]]",NA,NA,NA
24,27,5,1,Partial,Partial,"[[24, 13, 2, 8, 21, 27]]",3,1,SSGGG
24,28,5,1,Partial,Partial,"[[24, 18, 7, 1, 17, 28]]",2,2,SGSGG
24,29,3,2,Partial,Partial,"[[24, 18, 7, 29], [24, 10, 23, 29]]",NA,NA,NA
24,30,6,1,Partial,Tower,"[[24, 18, 7, 1, 17, 28, 30]]",4,1,SSSGGG
24,31,7,2,Partial,Tower,"[[24, 18, 7, 16, 3, 9, 20, 31], [24, 18, 7, 1, 17, 9, 20, 31]]",NA,NA,NA
24,32,3,1,Partial,Tower,"[[24, 10, 23, 32]]",2,1,SGG
24,33,1,1,Partial,Tower,"[[24, 33]]",1,0,G
24,34,5,1,Partial,Tower,"[[24, 13, 2, 8, 21, 34]]",3,1,SSGGG
24,35,5,2,Partial,Tower,"[[24, 10, 4, 12, 25, 35], [24, 13, 2, 8, 25, 35]]",NA,NA,NA
25,00,3,1,Partial,Partial,"[[25, 19, 6, 0]]",1,0,GGG
25,01,7,3,Partial,Partial,"[[25, 8, 2, 13, 24, 18, 7, 1], [25, 12, 4, 10, 24, 18, 7, 1], [25, 12, 4, 10, 23, 29, 7, 1]]",NA,NA,NA
25,02,2,1,Partial,Partial,"[[25, 8, 2]]",1,0,GG
25,03,7,1,Partial,Partial,"[[25, 12, 4, 10, 23, 29, 16, 3]]",5,1,SSSSGGG
25,04,2,1,Partial,Partial,"[[25, 12, 4]]",1,0,GG
25,05,4,1,Partial,Partial,"[[25, 19, 6, 14, 5]]",2,1,SGGG
25,06,2,1,Partial,Flat,"[[25, 19, 6]]",1,0,GG
25,07,6,3,Partial,Flat,"[[25, 8, 2, 13, 24, 18, 7], [25, 12, 4, 10, 24, 18, 7], [25, 12, 4, 10, 23, 29, 7]]",NA,NA,NA
25,08,1,1,Partial,Flat,"[[25, 8]]",1,0,G
25,09,7,1,Partial,Flat,"[[25, 19, 6, 0, 15, 26, 20, 9]]",4,2,SSSGSGG
25,10,3,1,Partial,Flat,"[[25, 12, 4, 10]]",2,1,SGG
25,11,5,2,Partial,Flat,"[[25, 19, 6, 14, 5, 11], [25, 19, 6, 0, 15, 11]]",NA,NA,NA
25,12,1,1,Partial,Partial,"[[25, 12]]",1,0,G
25,13,3,1,Partial,Partial,"[[25, 8, 2, 13]]",2,1,SGG
25,14,3,1,Partial,Partial,"[[25, 19, 6, 14]]",2,1,SGG
25,15,4,1,Partial,Partial,"[[25, 19, 6, 0, 15]]",2,1,SGGG
25,16,6,1,Partial,Partial,"[[25, 12, 4, 10, 23, 29, 16]]",3,2,SSGSGG
25,17,8,6,Partial,Partial,"[[25, 19, 6, 14, 5, 11, 22, 28, 17], [25, 19, 6, 0, 15, 11, 22, 28, 17], [25, 19, 6, 0, 15, 26, 20, 9, 17], [25, 8, 2, 13, 24, 18, 7, 1, 17], [25, 12, 4, 10, 24, 18, 7, 1, 17], [25, 12, 4, 10, 23, 29, 7, 1, 17]]",NA,NA,NA
25,18,5,2,Partial,Partial,"[[25, 8, 2, 13, 24, 18], [25, 12, 4, 10, 24, 18]]",NA,NA,NA
25,19,1,1,Partial,Partial,"[[25, 19]]",1,0,G
25,20,6,1,Partial,Partial,"[[25, 19, 6, 0, 15, 26, 20]]",4,1,SSSGGG
25,21,2,1,Partial,Partial,"[[25, 8, 21]]",1,0,GG
25,22,6,2,Partial,Partial,"[[25, 19, 6, 14, 5, 11, 22], [25, 19, 6, 0, 15, 11, 22]]",NA,NA,NA
25,23,4,1,Partial,Partial,"[[25, 12, 4, 10, 23]]",2,1,SGGG
25,24,4,2,Partial,Partial,"[[25, 8, 2, 13, 24], [25, 12, 4, 10, 24]]",NA,NA,NA
25,26,5,1,Partial,Partial,"[[25, 19, 6, 0, 15, 26]]",2,2,SGSGG
25,27,3,2,Partial,Partial,"[[25, 19, 6, 27], [25, 8, 21, 27]]",NA,NA,NA
25,28,7,2,Partial,Partial,"[[25, 19, 6, 14, 5, 11, 22, 28], [25, 19, 6, 0, 15, 11, 22, 28]]",NA,NA,NA
25,29,5,1,Partial,Partial,"[[25, 12, 4, 10, 23, 29]]",3,1,SSGGG
25,30,7,2,Partial,Tower,"[[25, 19, 6, 14, 5, 11, 22, 30], [25, 19, 6, 0, 15, 11, 22, 30]]",NA,NA,NA
25,31,6,1,Partial,Tower,"[[25, 19, 6, 0, 15, 26, 31]]",4,1,SSSGGG
25,32,5,1,Partial,Tower,"[[25, 12, 4, 10, 23, 32]]",3,1,SSGGG
25,33,5,2,Partial,Tower,"[[25, 8, 2, 13, 24, 33], [25, 12, 4, 10, 24, 33]]",NA,NA,NA
25,34,3,1,Partial,Tower,"[[25, 8, 21, 34]]",2,1,SGG
25,35,1,1,Partial,Tower,"[[25, 35]]",1,0,G
26,00,2,1,Partial,Partial,"[[26, 15, 0]]",1,0,GG
26,01,4,1,Partial,Partial,"[[26, 20, 9, 17, 1]]",2,1,SGGG
26,02,7,3,Partial,Partial,"[[26, 11, 5, 14, 27, 21, 8, 2], [26, 15, 0, 6, 27, 21, 8, 2], [26, 15, 0, 6, 19, 25, 8, 2]]",NA,NA,NA
26,03,3,1,Partial,Partial,"[[26, 20, 9, 3]]",1,0,GGG
26,04,7,1,Partial,Partial,"[[26, 15, 0, 6, 19, 25, 12, 4]]",5,1,SSSSGGG
26,05,2,1,Partial,Partial,"[[26, 11, 5]]",1,0,GG
26,06,3,1,Partial,Flat,"[[26, 15, 0, 6]]",2,1,SGG
26,07,5,2,Partial,Flat,"[[26, 20, 9, 17, 1, 7], [26, 20, 9, 3, 16, 7]]",NA,NA,NA
26,08,6,3,Partial,Flat,"[[26, 11, 5, 14, 27, 21, 8], [26, 15, 0, 6, 27, 21, 8], [26, 15, 0, 6, 19, 25, 8]]",NA,NA,NA
26,09,2,1,Partial,Flat,"[[26, 20, 9]]",1,0,GG
26,10,7,1,Partial,Flat,"[[26, 20, 9, 3, 16, 29, 23, 10]]",4,2,SSSGSGG
26,11,1,1,Partial,Flat,"[[26, 11]]",1,0,G
26,12,6,1,Partial,Partial,"[[26, 15, 0, 6, 19, 25, 12]]",3,2,SSGSGG
26,13,8,6,Partial,Partial,"[[26, 20, 9, 17, 1, 7, 18, 24, 13], [26, 20, 9, 3, 16, 7, 18, 24, 13], [26, 20, 9, 3, 16, 29, 23, 10, 13], [26, 11, 5, 14, 27, 21, 8, 2, 13], [26, 15, 0, 6, 27, 21, 8, 2, 13], [26, 15, 0, 6, 19, 25, 8, 2, 13]]",NA,NA,NA
26,14,3,1,Partial,Partial,"[[26, 11, 5, 14]]",2,1,SGG
26,15,1,1,Partial,Partial,"[[26, 15]]",1,0,G
26,16,4,1,Partial,Partial,"[[26, 20, 9, 3, 16]]",2,1,SGGG
26,17,3,1,Partial,Partial,"[[26, 20, 9, 17]]",2,1,SGG
26,18,6,2,Partial,Partial,"[[26, 20, 9, 17, 1, 7, 18], [26, 20, 9, 3, 16, 7, 18]]",NA,NA,NA
26,19,4,1,Partial,Partial,"[[26, 15, 0, 6, 19]]",2,1,SGGG
26,20,1,1,Partial,Partial,"[[26, 20]]",1,0,G
26,21,5,2,Partial,Partial,"[[26, 11, 5, 14, 27, 21], [26, 15, 0, 6, 27, 21]]",NA,NA,NA
26,22,2,1,Partial,Partial,"[[26, 11, 22]]",1,0,GG
26,23,6,1,Partial,Partial,"[[26, 20, 9, 3, 16, 29, 23]]",4,1,SSSGGG
26,24,7,2,Partial,Partial,"[[26, 20, 9, 17, 1, 7, 18, 24], [26, 20, 9, 3, 16, 7, 18, 24]]",NA,NA,NA
26,25,5,1,Partial,Partial,"[[26, 15, 0, 6, 19, 25]]",3,1,SSGGG
26,27,4,2,Partial,Partial,"[[26, 11, 5, 14, 27], [26, 15, 0, 6, 27]]",NA,NA,NA
26,28,3,2,Partial,Partial,"[[26, 20, 9, 28], [26, 11, 22, 28]]",NA,NA,NA
26,29,5,1,Partial,Partial,"[[26, 20, 9, 3, 16, 29]]",2,2,SGSGG
26,30,3,1,Partial,Tower,"[[26, 11, 22, 30]]",2,1,SGG
26,31,1,1,Partial,Tower,"[[26, 31]]",1,0,G
26,32,6,1,Partial,Tower,"[[26, 20, 9, 3, 16, 29, 32]]",4,1,SSSGGG
26,33,7,2,Partial,Tower,"[[26, 20, 9, 17, 1, 7, 18, 33], [26, 20, 9, 3, 16, 7, 18, 33]]",NA,NA,NA
26,34,5,2,Partial,Tower,"[[26, 11, 5, 14, 27, 34], [26, 15, 0, 6, 27, 34]]",NA,NA,NA
26,35,5,1,Partial,Tower,"[[26, 15, 0, 6, 19, 35]]",3,1,SSGGG
27,00,2,1,Partial,Partial,"[[27, 6, 0]]",1,0,GG
27,01,7,1,Partial,Partial,"[[27, 14, 5, 11, 22, 28, 17, 1]]",5,1,SSSSGGG
27,02,3,1,Partial,Partial,"[[27, 21, 8, 2]]",1,0,GGG
27,03,7,3,Partial,Partial,"[[27, 6, 0, 15, 26, 20, 9, 3], [27, 14, 5, 11, 26, 20, 9, 3], [27, 14, 5, 11, 22, 28, 9, 3]]",NA,NA,NA
27,04,4,1,Partial,Partial,"[[27, 21, 8, 12, 4]]",2,1,SGGG
27,05,2,1,Partial,Partial,"[[27, 14, 5]]",1,0,GG
27,06,1,1,Partial,Flat,"[[27, 6]]",1,0,G
27,07,7,1,Partial,Flat,"[[27, 21, 8, 2, 13, 24, 18, 7]]",4,2,SSSGSGG
27,08,2,1,Partial,Flat,"[[27, 21, 8]]",1,0,GG
27,09,6,3,Partial,Flat,"[[27, 6, 0, 15, 26, 20, 9], [27, 14, 5, 11, 26, 20, 9], [27, 14, 5, 11, 22, 28, 9]]",NA,NA,NA
27,10,5,2,Partial,Flat,"[[27, 21, 8, 12, 4, 10], [27, 21, 8, 2, 13, 10]]",NA,NA,NA
27,11,3,1,Partial,Flat,"[[27, 14, 5, 11]]",2,1,SGG
27,12,3,1,Partial,Partial,"[[27, 21, 8, 12]]",2,1,SGG
27,13,4,1,Partial,Partial,"[[27, 21, 8, 2, 13]]",2,1,SGGG
27,14,1,1,Partial,Partial,"[[27, 14]]",1,0,G
27,15,3,1,Partial,Partial,"[[27, 6, 0, 15]]",2,1,SGG
27,16,8,6,Partial,Partial,"[[27, 21, 8, 12, 4, 10, 23, 29, 16], [27, 21, 8, 2, 13, 10, 23, 29, 16], [27, 21, 8, 2, 13, 24, 18, 7, 16], [27, 6, 0, 15, 26, 20, 9, 3, 16], [27, 14, 5, 11, 26, 20, 9, 3, 16], [27, 14, 5, 11, 22, 28, 9, 3, 16]]",NA,NA,NA
27,17,6,1,Partial,Partial,"[[27, 14, 5, 11, 22, 28, 17]]",3,2,SSGSGG
27,18,6,1,Partial,Partial,"[[27, 21, 8, 2, 13, 24, 18]]",4,1,SSSGGG
27,19,2,1,Partial,Partial,"[[27, 6, 19]]",1,0,GG
27,20,5,2,Partial,Partial,"[[27, 6, 0, 15, 26, 20], [27, 14, 5, 11, 26, 20]]",NA,NA,NA
27,21,1,1,Partial,Partial,"[[27, 21]]",1,0,G
27,22,4,1,Partial,Partial,"[[27, 14, 5, 11, 22]]",2,1,SGGG
27,23,6,2,Partial,Partial,"[[27, 21, 8, 12, 4, 10, 23], [27, 21, 8, 2, 13, 10, 23]]",NA,NA,NA
27,24,5,1,Partial,Partial,"[[27, 21, 8, 2, 13, 24]]",2,2,SGSGG
27,25,3,2,Partial,Partial,"[[27, 21, 8, 25], [27, 6, 19, 25]]",NA,NA,NA
27,26,4,2,Partial,Partial,"[[27, 6, 0, 15, 26], [27, 14, 5, 11, 26]]",NA,NA,NA
27,28,5,1,Partial,Partial,"[[27, 14, 5, 11, 22, 28]]",3,1,SSGGG
27,29,7,2,Partial,Partial,"[[27, 21, 8, 12, 4, 10, 23, 29], [27, 21, 8, 2, 13, 10, 23, 29]]",NA,NA,NA
27,30,5,1,Partial,Tower,"[[27, 14, 5, 11, 22, 30]]",3,1,SSGGG
27,31,5,2,Partial,Tower,"[[27, 6, 0, 15, 26, 31], [27, 14, 5, 11, 26, 31]]",NA,NA,NA
27,32,7,2,Partial,Tower,"[[27, 21, 8, 12, 4, 10, 23, 32], [27, 21, 8, 2, 13, 10, 23, 32]]",NA,NA,NA
27,33,6,1,Partial,Tower,"[[27, 21, 8, 2, 13, 24, 33]]",4,1,SSSGGG
27,34,1,1,Partial,Tower,"[[27, 34]]",1,0,G
27,35,3,1,Partial,Tower,"[[27, 6, 19, 35]]",2,1,SGG
28,00,4,1,Partial,Partial,"[[28, 22, 11, 15, 0]]",2,1,SGGG
28,01,2,1,Partial,Partial,"[[28, 17, 1]]",1,0,GG
28,02,7,1,Partial,Partial,"[[28, 17, 1, 7, 18, 24, 13, 2]]",5,1,SSSSGGG
28,03,2,1,Partial,Partial,"[[28, 9, 3]]",1,0,GG
28,04,7,3,Partial,Partial,"[[28, 9, 3, 16, 29, 23, 10, 4], [28, 17, 1, 7, 29, 23, 10, 4], [28, 17, 1, 7, 18, 24, 10, 4]]",NA,NA,NA
28,05,3,1,Partial,Partial,"[[28, 22, 11, 5]]",1,0,GGG
28,06,5,2,Partial,Flat,"[[28, 22, 11, 15, 0, 6], [28, 22, 11, 5, 14, 6]]",NA,NA,NA
28,07,3,1,Partial,Flat,"[[28, 17, 1, 7]]",2,1,SGG
28,08,7,1,Partial,Flat,"[[28, 22, 11, 5, 14, 27, 21, 8]]",4,2,SSSGSGG
28,09,1,1,Partial,Flat,"[[28, 9]]",1,0,G
28,10,6,3,Partial,Flat,"[[28, 9, 3, 16, 29, 23, 10], [28, 17, 1, 7, 29, 23, 10], [28, 17, 1, 7, 18, 24, 10]]",NA,NA,NA
28,11,2,1,Partial,Flat,"[[28, 22, 11]]",1,0,GG
28,12,8,6,Partial,Partial,"[[28, 22, 11, 15, 0, 6, 19, 25, 12], [28, 22, 11, 5, 14, 6, 19, 25, 12], [28, 22, 11, 5, 14, 27, 21, 8, 12], [28, 9, 3, 16, 29, 23, 10, 4, 12], [28, 17, 1, 7, 29, 23, 10, 4, 12], [28, 17, 1, 7, 18, 24, 10, 4, 12]]",NA,NA,NA
28,13,6,1,Partial,Partial,"[[28, 17, 1, 7, 18, 24, 13]]",3,2,SSGSGG
28,14,4,1,Partial,Partial,"[[28, 22, 11, 5, 14]]",2,1,SGGG
28,15,3,1,Partial,Partial,"[[28, 22, 11, 15]]",2,1,SGG
28,16,3,1,Partial,Partial,"[[28, 9, 3, 16]]",2,1,SGG
28,17,1,1,Partial,Partial,"[[28, 17]]",1,0,G
28,18,4,1,Partial,Partial,"[[28, 17, 1, 7, 18]]",2,1,SGGG
28,19,6,2,Partial,Partial,"[[28, 22, 11, 15, 0, 6, 19], [28, 22, 11, 5, 14, 6, 19]]",NA,NA,NA
28,20,2,1,Partial,Partial,"[[28, 9, 20]]",1,0,GG
28,21,6,1,Partial,Partial,"[[28, 22, 11, 5, 14, 27, 21]]",4,1,SSSGGG
28,22,1,1,Partial,Partial,"[[28, 22]]",1,0,G
28,23,5,2,Partial,Partial,"[[28, 9, 3, 16, 29, 23], [28, 17, 1, 7, 29, 23]]",NA,NA,NA
28,24,5,1,Partial,Partial,"[[28, 17, 1, 7, 18, 24]]",3,1,SSGGG
28,25,7,2,Partial,Partial,"[[28, 22, 11, 15, 0, 6, 19, 25], [28, 22, 11, 5, 14, 6, 19, 25]]",NA,NA,NA
28,26,3,2,Partial,Partial,"[[28, 22, 11, 26], [28, 9, 20, 26]]",NA,NA,NA
28,27,5,1,Partial,Partial,"[[28, 22, 11, 5, 14, 27]]",2,2,SGSGG
28,29,4,2,Partial,Partial,"[[28, 9, 3, 16, 29], [28, 17, 1, 7, 29]]",NA,NA,NA
28,30,1,1,Partial,Tower,"[[28, 30]]",1,0,G
28,31,3,1,Partial,Tower,"[[28, 9, 20, 31]]",2,1,SGG
28,32,5,2,Partial,Tower,"[[28, 9, 3, 16, 29, 32], [28, 17, 1, 7, 29, 32]]",NA,NA,NA
28,33,5,1,Partial,Tower,"[[28, 17, 1, 7, 18, 33]]",3,1,SSGGG
28,34,6,1,Partial,Tower,"[[28, 22, 11, 5, 14, 27, 34]]",4,1,SSSGGG
28,35,7,2,Partial,Tower,"[[28, 22, 11, 15, 0, 6, 19, 35], [28, 22, 11, 5, 14, 6, 19, 35]]",NA,NA,NA
29,00,7,1,Partial,Partial,"[[29, 16, 3, 9, 20, 26, 15, 0]]",5,1,SSSSGGG
29,01,2,1,Partial,Partial,"[[29, 7, 1]]",1,0,GG
29,02,4,1,Partial,Partial,"[[29, 23, 10, 13, 2]]",2,1,SGGG
29,03,2,1,Partial,Partial,"[[29, 16, 3]]",1,0,GG
29,04,3,1,Partial,Partial,"[[29, 23, 10, 4]]",1,0,GGG
29,05,7,3,Partial,Partial,"[[29, 7, 1, 17, 28, 22, 11, 5], [29, 16, 3, 9, 28, 22, 11, 5], [29, 16, 3, 9, 20, 26, 11, 5]]",NA,NA,NA
29,06,7,1,Partial,Flat,"[[29, 23, 10, 4, 12, 25, 19, 6]]",4,2,SSSGSGG
29,07,1,1,Partial,Flat,"[[29, 7]]",1,0,G
29,08,5,2,Partial,Flat,"[[29, 23, 10, 13, 2, 8], [29, 23, 10, 4, 12, 8]]",NA,NA,NA
29,09,3,1,Partial,Flat,"[[29, 16, 3, 9]]",2,1,SGG
29,10,2,1,Partial,Flat,"[[29, 23, 10]]",1,0,GG
29,11,6,3,Partial,Flat,"[[29, 7, 1, 17, 28, 22, 11], [29, 16, 3, 9, 28, 22, 11], [29, 16, 3, 9, 20, 26, 11]]",NA,NA,NA
29,12,4,1,Partial,Partial,"[[29, 23, 10, 4, 12]]",2,1,SGGG
29,13,3,1,Partial,Partial,"[[29, 23, 10, 13]]",2,1,SGG
29,14,8,6,Partial,Partial,"[[29, 23, 10, 13, 2, 8, 21, 27, 14], [29, 23, 10, 4, 12, 8, 21, 27, 14], [29, 23, 10, 4, 12, 25, 19, 6, 14], [29, 7, 1, 17, 28, 22, 11, 5, 14], [29, 16, 3, 9, 28, 22, 11, 5, 14], [29, 16, 3, 9, 20, 26, 11, 5, 14]]",NA,NA,NA
29,15,6,1,Partial,Partial,"[[29, 16, 3, 9, 20, 26, 15]]",3,2,SSGSGG
29,16,1,1,Partial,Partial,"[[29, 16]]",1,0,G
29,17,3,1,Partial,Partial,"[[29, 7, 1, 17]]",2,1,SGG
29,18,2,1,Partial,Partial,"[[29, 7, 18]]",1,0,GG
29,19,6,1,Partial,Partial,"[[29, 23, 10, 4, 12, 25, 19]]",4,1,SSSGGG
29,20,4,1,Partial,Partial,"[[29, 16, 3, 9, 20]]",2,1,SGGG
29,21,6,2,Partial,Partial,"[[29, 23, 10, 13, 2, 8, 21], [29, 23, 10, 4, 12, 8, 21]]",NA,NA,NA
29,22,5,2,Partial,Partial,"[[29, 7, 1, 17, 28, 22], [29, 16, 3, 9, 28, 22]]",NA,NA,NA
29,23,1,1,Partial,Partial,"[[29, 23]]",1,0,G
29,24,3,2,Partial,Partial,"[[29, 23, 10, 24], [29, 7, 18, 24]]",NA,NA,NA
29,25,5,1,Partial,Partial,"[[29, 23, 10, 4, 12, 25]]",2,2,SGSGG
29,26,5,1,Partial,Partial,"[[29, 16, 3, 9, 20, 26]]",3,1,SSGGG
29,27,7,2,Partial,Partial,"[[29, 23, 10, 13, 2, 8, 21, 27], [29, 23, 10, 4, 12, 8, 21, 27]]",NA,NA,NA
29,28,4,2,Partial,Partial,"[[29, 7, 1, 17, 28], [29, 16, 3, 9, 28]]",NA,NA,NA
29,30,5,2,Partial,Tower,"[[29, 7, 1, 17, 28, 30], [29, 16, 3, 9, 28, 30]]",NA,NA,NA
29,31,5,1,Partial,Tower,"[[29, 16, 3, 9, 20, 31]]",3,1,SSGGG
29,32,1,1,Partial,Tower,"[[29, 32]]",1,0,G
29,33,3,1,Partial,Tower,"[[29, 7, 18, 33]]",2,1,SGG
29,34,7,2,Partial,Tower,"[[29, 23, 10, 13, 2, 8, 21, 34], [29, 23, 10, 4, 12, 8, 21, 34]]",NA,NA,NA
29,35,6,1,Partial,Tower,"[[29, 23, 10, 4, 12, 25, 35]]",4,1,SSSGGG
30,00,4,1,Tower,Partial,"[[30, 22, 11, 15, 0]]",2,1,SGGG
30,01,3,1,Tower,Partial,"[[30, 28, 17, 1]]",1,0,GGG
30,02,8,2,Tower,Partial,"[[30, 22, 11, 5, 14, 27, 21, 8, 2], [30, 28, 17, 1, 7, 18, 24, 13, 2]]",NA,NA,NA
30,03,3,1,Tower,Partial,"[[30, 28, 9, 3]]",1,0,GGG
30,04,8,3,Tower,Partial,"[[30, 28, 9, 3, 16, 29, 23, 10, 4], [30, 28, 17, 1, 7, 29, 23, 10, 4], [30, 28, 17, 1, 7, 18, 24, 10, 4]]",NA,NA,NA
30,05,3,1,Tower,Partial,"[[30, 22, 11, 5]]",1,0,GGG
30,06,5,2,Tower,Flat,"[[30, 22, 11, 15, 0, 6], [30, 22, 11, 5, 14, 6]]",NA,NA,NA
30,07,4,1,Tower,Flat,"[[30, 28, 17, 1, 7]]",1,1,GSGG
30,08,7,1,Tower,Flat,"[[30, 22, 11, 5, 14, 27, 21, 8]]",4,2,SSSGSGG
30,09,2,1,Tower,Flat,"[[30, 28, 9]]",1,0,GG
30,10,7,3,Tower,Flat,"[[30, 28, 9, 3, 16, 29, 23, 10], [30, 28, 17, 1, 7, 29, 23, 10], [30, 28, 17, 1, 7, 18, 24, 10]]",NA,NA,NA
30,11,2,1,Tower,Flat,"[[30, 22, 11]]",1,0,GG
30,12,8,3,Tower,Partial,"[[30, 22, 11, 15, 0, 6, 19, 25, 12], [30, 22, 11, 5, 14, 6, 19, 25, 12], [30, 22, 11, 5, 14, 27, 21, 8, 12]]",NA,NA,NA
30,13,7,1,Tower,Partial,"[[30, 28, 17, 1, 7, 18, 24, 13]]",4,2,SSSGSGG
30,14,4,1,Tower,Partial,"[[30, 22, 11, 5, 14]]",2,1,SGGG
30,15,3,1,Tower,Partial,"[[30, 22, 11, 15]]",2,1,SGG
30,16,4,1,Tower,Partial,"[[30, 28, 9, 3, 16]]",1,1,GSGG
30,17,2,1,Tower,Partial,"[[30, 28, 17]]",1,0,GG
30,18,5,1,Tower,Partial,"[[30, 28, 17, 1, 7, 18]]",3,1,SSGGG
30,19,6,2,Tower,Partial,"[[30, 22, 11, 15, 0, 6, 19], [30, 22, 11, 5, 14, 6, 19]]",NA,NA,NA
30,20,3,1,Tower,Partial,"[[30, 28, 9, 20]]",2,1,SGG
30,21,6,1,Tower,Partial,"[[30, 22, 11, 5, 14, 27, 21]]",4,1,SSSGGG
30,22,1,1,Tower,Partial,"[[30, 22]]",1,0,G
30,23,6,2,Tower,Partial,"[[30, 28, 9, 3, 16, 29, 23], [30, 28, 17, 1, 7, 29, 23]]",NA,NA,NA
30,24,6,1,Tower,Partial,"[[30, 28, 17, 1, 7, 18, 24]]",4,1,SSSGGG
30,25,7,2,Tower,Partial,"[[30, 22, 11, 15, 0, 6, 19, 25], [30, 22, 11, 5, 14, 6, 19, 25]]",NA,NA,NA
30,26,3,1,Tower,Partial,"[[30, 22, 11, 26]]",2,1,SGG
30,27,5,1,Tower,Partial,"[[30, 22, 11, 5, 14, 27]]",2,2,SGSGG
30,28,1,1,Tower,Partial,"[[30, 28]]",1,0,G
30,29,5,2,Tower,Partial,"[[30, 28, 9, 3, 16, 29], [30, 28, 17, 1, 7, 29]]",NA,NA,NA
30,31,4,2,Tower,Tower,"[[30, 22, 11, 26, 31], [30, 28, 9, 20, 31]]",NA,NA,NA
30,32,6,2,Tower,Tower,"[[30, 28, 9, 3, 16, 29, 32], [30, 28, 17, 1, 7, 29, 32]]",NA,NA,NA
30,33,6,1,Tower,Tower,"[[30, 28, 17, 1, 7, 18, 33]]",4,1,SSSGGG
30,34,6,1,Tower,Tower,"[[30, 22, 11, 5, 14, 27, 34]]",4,1,SSSGGG
30,35,7,2,Tower,Tower,"[[30, 22, 11, 15, 0, 6, 19, 35], [30, 22, 11, 5, 14, 6, 19, 35]]",NA,NA,NA
31,00,3,1,Tower,Partial,"[[31, 26, 15, 0]]",1,0,GGG
31,01,4,1,Tower,Partial,"[[31, 20, 9, 17, 1]]",2,1,SGGG
31,02,8,3,Tower,Partial,"[[31, 26, 11, 5, 14, 27, 21, 8, 2], [31, 26, 15, 0, 6, 27, 21, 8, 2], [31, 26, 15, 0, 6, 19, 25, 8, 2]]",NA,NA,NA
31,03,3,1,Tower,Partial,"[[31, 20, 9, 3]]",1,0,GGG
31,04,8,2,Tower,Partial,"[[31, 20, 9, 3, 16, 29, 23, 10, 4], [31, 26, 15, 0, 6, 19, 25, 12, 4]]",NA,NA,NA
31,05,3,1,Tower,Partial,"[[31, 26, 11, 5]]",1,0,GGG
31,06,4,1,Tower,Flat,"[[31, 26, 15, 0, 6]]",1,1,GSGG
31,07,5,2,Tower,Flat,"[[31, 20, 9, 17, 1, 7], [31, 20, 9, 3, 16, 7]]",NA,NA,NA
31,08,7,3,Tower,Flat,"[[31, 26, 11, 5, 14, 27, 21, 8], [31, 26, 15, 0, 6, 27, 21, 8], [31, 26, 15, 0, 6, 19, 25, 8]]",NA,NA,NA
31,09,2,1,Tower,Flat,"[[31, 20, 9]]",1,0,GG
31,10,7,1,Tower,Flat,"[[31, 20, 9, 3, 16, 29, 23, 10]]",4,2,SSSGSGG
31,11,2,1,Tower,Flat,"[[31, 26, 11]]",1,0,GG
31,12,7,1,Tower,Partial,"[[31, 26, 15, 0, 6, 19, 25, 12]]",4,2,SSSGSGG
31,13,8,3,Tower,Partial,"[[31, 20, 9, 17, 1, 7, 18, 24, 13], [31, 20, 9, 3, 16, 7, 18, 24, 13], [31, 20, 9, 3, 16, 29, 23, 10, 13]]",NA,NA,NA
31,14,4,1,Tower,Partial,"[[31, 26, 11, 5, 14]]",1,1,GSGG
31,15,2,1,Tower,Partial,"[[31, 26, 15]]",1,0,GG
31,16,4,1,Tower,Partial,"[[31, 20, 9, 3, 16]]",2,1,SGGG
31,17,3,1,Tower,Partial,"[[31, 20, 9, 17]]",2,1,SGG
31,18,6,2,Tower,Partial,"[[31, 20, 9, 17, 1, 7, 18], [31, 20, 9, 3, 16, 7, 18]]",NA,NA,NA
31,19,5,1,Tower,Partial,"[[31, 26, 15, 0, 6, 19]]",3,1,SSGGG
31,20,1,1,Tower,Partial,"[[31, 20]]",1,0,G
31,21,6,2,Tower,Partial,"[[31, 26, 11, 5, 14, 27, 21], [31, 26, 15, 0, 6, 27, 21]]",NA,NA,NA
31,22,3,1,Tower,Partial,"[[31, 26, 11, 22]]",2,1,SGG
31,23,6,1,Tower,Partial,"[[31, 20, 9, 3, 16, 29, 23]]",4,1,SSSGGG
31,24,7,2,Tower,Partial,"[[31, 20, 9, 17, 1, 7, 18, 24], [31, 20, 9, 3, 16, 7, 18, 24]]",NA,NA,NA
31,25,6,1,Tower,Partial,"[[31, 26, 15, 0, 6, 19, 25]]",4,1,SSSGGG
31,26,1,1,Tower,Partial,"[[31, 26]]",1,0,G
31,27,5,2,Tower,Partial,"[[31, 26, 11, 5, 14, 27], [31, 26, 15, 0, 6, 27]]",NA,NA,NA
31,28,3,1,Tower,Partial,"[[31, 20, 9, 28]]",2,1,SGG
31,29,5,1,Tower,Partial,"[[31, 20, 9, 3, 16, 29]]",2,2,SGSGG
31,30,4,2,Tower,Tower,"[[31, 20, 9, 28, 30], [31, 26, 11, 22, 30]]",NA,NA,NA
31,32,6,1,Tower,Tower,"[[31, 20, 9, 3, 16, 29, 32]]",4,1,SSSGGG
31,33,7,2,Tower,Tower,"[[31, 20, 9, 17, 1, 7, 18, 33], [31, 20, 9, 3, 16, 7, 18, 33]]",NA,NA,NA
31,34,6,2,Tower,Tower,"[[31, 26, 11, 5, 14, 27, 34], [31, 26, 15, 0, 6, 27, 34]]",NA,NA,NA
31,35,6,1,Tower,Tower,"[[31, 26, 15, 0, 6, 19, 35]]",4,1,SSSGGG
32,00,8,2,Tower,Partial,"[[32, 23, 10, 4, 12, 25, 19, 6, 0], [32, 29, 16, 3, 9, 20, 26, 15, 0]]",NA,NA,NA
32,01,3,1,Tower,Partial,"[[32, 29, 7, 1]]",1,0,GGG
32,02,4,1,Tower,Partial,"[[32, 23, 10, 13, 2]]",2,1,SGGG
32,03,3,1,Tower,Partial,"[[32, 29, 16, 3]]",1,0,GGG
32,04,3,1,Tower,Partial,"[[32, 23, 10, 4]]",1,0,GGG
32,05,8,3,Tower,Partial,"[[32, 29, 7, 1, 17, 28, 22, 11, 5], [32, 29, 16, 3, 9, 28, 22, 11, 5], [32, 29, 16, 3, 9, 20, 26, 11, 5]]",NA,NA,NA
32,06,7,1,Tower,Flat,"[[32, 23, 10, 4, 12, 25, 19, 6]]",4,2,SSSGSGG
32,07,2,1,Tower,Flat,"[[32, 29, 7]]",1,0,GG
32,08,5,2,Tower,Flat,"[[32, 23, 10, 13, 2, 8], [32, 23, 10, 4, 12, 8]]",NA,NA,NA
32,09,4,1,Tower,Flat,"[[32, 29, 16, 3, 9]]",1,1,GSGG
32,10,2,1,Tower,Flat,"[[32, 23, 10]]",1,0,GG
32,11,7,3,Tower,Flat,"[[32, 29, 7, 1, 17, 28, 22, 11], [32, 29, 16, 3, 9, 28, 22, 11], [32, 29, 16, 3, 9, 20, 26, 11]]",NA,NA,NA
32,12,4,1,Tower,Partial,"[[32, 23, 10, 4, 12]]",2,1,SGGG
32,13,3,1,Tower,Partial,"[[32, 23, 10, 13]]",2,1,SGG
32,14,8,3,Tower,Partial,"[[32, 23, 10, 13, 2, 8, 21, 27, 14], [32, 23, 10, 4, 12, 8, 21, 27, 14], [32, 23, 10, 4, 12, 25, 19, 6, 14]]",NA,NA,NA
32,15,7,1,Tower,Partial,"[[32, 29, 16, 3, 9, 20, 26, 15]]",4,2,SSSGSGG
32,16,2,1,Tower,Partial,"[[32, 29, 16]]",1,0,GG
32,17,4,1,Tower,Partial,"[[32, 29, 7, 1, 17]]",1,1,GSGG
32,18,3,1,Tower,Partial,"[[32, 29, 7, 18]]",2,1,SGG
32,19,6,1,Tower,Partial,"[[32, 23, 10, 4, 12, 25, 19]]",4,1,SSSGGG
32,20,5,1,Tower,Partial,"[[32, 29, 16, 3, 9, 20]]",3,1,SSGGG
32,21,6,2,Tower,Partial,"[[32, 23, 10, 13, 2, 8, 21], [32, 23, 10, 4, 12, 8, 21]]",NA,NA,NA
32,22,6,2,Tower,Partial,"[[32, 29, 7, 1, 17, 28, 22], [32, 29, 16, 3, 9, 28, 22]]",NA,NA,NA
32,23,1,1,Tower,Partial,"[[32, 23]]",1,0,G
32,24,3,1,Tower,Partial,"[[32, 23, 10, 24]]",2,1,SGG
32,25,5,1,Tower,Partial,"[[32, 23, 10, 4, 12, 25]]",2,2,SGSGG
32,26,6,1,Tower,Partial,"[[32, 29, 16, 3, 9, 20, 26]]",4,1,SSSGGG
32,27,7,2,Tower,Partial,"[[32, 23, 10, 13, 2, 8, 21, 27], [32, 23, 10, 4, 12, 8, 21, 27]]",NA,NA,NA
32,28,5,2,Tower,Partial,"[[32, 29, 7, 1, 17, 28], [32, 29, 16, 3, 9, 28]]",NA,NA,NA
32,29,1,1,Tower,Partial,"[[32, 29]]",1,0,G
32,30,6,2,Tower,Tower,"[[32, 29, 7, 1, 17, 28, 30], [32, 29, 16, 3, 9, 28, 30]]",NA,NA,NA
32,31,6,1,Tower,Tower,"[[32, 29, 16, 3, 9, 20, 31]]",4,1,SSSGGG
32,33,4,2,Tower,Tower,"[[32, 23, 10, 24, 33], [32, 29, 7, 18, 33]]",NA,NA,NA
32,34,7,2,Tower,Tower,"[[32, 23, 10, 13, 2, 8, 21, 34], [32, 23, 10, 4, 12, 8, 21, 34]]",NA,NA,NA
32,35,6,1,Tower,Tower,"[[32, 23, 10, 4, 12, 25, 35]]",4,1,SSSGGG
33,00,8,3,Tower,Partial,"[[33, 24, 10, 4, 12, 25, 19, 6, 0], [33, 24, 13, 2, 8, 25, 19, 6, 0], [33, 24, 13, 2, 8, 21, 27, 6, 0]]",NA,NA,NA
33,01,3,1,Tower,Partial,"[[33, 18, 7, 1]]",1,0,GGG
33,02,3,1,Tower,Partial,"[[33, 24, 13, 2]]",1,0,GGG
33,03,4,1,Tower,Partial,"[[33, 18, 7, 16, 3]]",2,1,SGGG
33,04,3,1,Tower,Partial,"[[33, 24, 10, 4]]",1,0,GGG
33,05,8,2,Tower,Partial,"[[33, 18, 7, 1, 17, 28, 22, 11, 5], [33, 24, 13, 2, 8, 21, 27, 14, 5]]",NA,NA,NA
33,06,7,3,Tower,Flat,"[[33, 24, 10, 4, 12, 25, 19, 6], [33, 24, 13, 2, 8, 25, 19, 6], [33, 24, 13, 2, 8, 21, 27, 6]]",NA,NA,NA
33,07,2,1,Tower,Flat,"[[33, 18, 7]]",1,0,GG
33,08,4,1,Tower,Flat,"[[33, 24, 13, 2, 8]]",1,1,GSGG
33,09,5,2,Tower,Flat,"[[33, 18, 7, 16, 3, 9], [33, 18, 7, 1, 17, 9]]",NA,NA,NA
33,10,2,1,Tower,Flat,"[[33, 24, 10]]",1,0,GG
33,11,7,1,Tower,Flat,"[[33, 18, 7, 1, 17, 28, 22, 11]]",4,2,SSSGSGG
33,12,4,1,Tower,Partial,"[[33, 24, 10, 4, 12]]",1,1,GSGG
33,13,2,1,Tower,Partial,"[[33, 24, 13]]",1,0,GG
33,14,7,1,Tower,Partial,"[[33, 24, 13, 2, 8, 21, 27, 14]]",4,2,SSSGSGG
33,15,8,3,Tower,Partial,"[[33, 18, 7, 16, 3, 9, 20, 26, 15], [33, 18, 7, 1, 17, 9, 20, 26, 15], [33, 18, 7, 1, 17, 28, 22, 11, 15]]",NA,NA,NA
33,16,3,1,Tower,Partial,"[[33, 18, 7, 16]]",2,1,SGG
33,17,4,1,Tower,Partial,"[[33, 18, 7, 1, 17]]",2,1,SGGG
33,18,1,1,Tower,Partial,"[[33, 18]]",1,0,G
33,19,6,2,Tower,Partial,"[[33, 24, 10, 4, 12, 25, 19], [33, 24, 13, 2, 8, 25, 19]]",NA,NA,NA
33,20,6,2,Tower,Partial,"[[33, 18, 7, 16, 3, 9, 20], [33, 18, 7, 1, 17, 9, 20]]",NA,NA,NA
33,21,5,1,Tower,Partial,"[[33, 24, 13, 2, 8, 21]]",3,1,SSGGG
33,22,6,1,Tower,Partial,"[[33, 18, 7, 1, 17, 28, 22]]",4,1,SSSGGG
33,23,3,1,Tower,Partial,"[[33, 24, 10, 23]]",2,1,SGG
33,24,1,1,Tower,Partial,"[[33, 24]]",1,0,G
33,25,5,2,Tower,Partial,"[[33, 24, 10, 4, 12, 25], [33, 24, 13, 2, 8, 25]]",NA,NA,NA
33,26,7,2,Tower,Partial,"[[33, 18, 7, 16, 3, 9, 20, 26], [33, 18, 7, 1, 17, 9, 20, 26]]",NA,NA,NA
33,27,6,1,Tower,Partial,"[[33, 24, 13, 2, 8, 21, 27]]",4,1,SSSGGG
33,28,5,1,Tower,Partial,"[[33, 18, 7, 1, 17, 28]]",2,2,SGSGG
33,29,3,1,Tower,Partial,"[[33, 18, 7, 29]]",2,1,SGG
33,30,6,1,Tower,Tower,"[[33, 18, 7, 1, 17, 28, 30]]",4,1,SSSGGG
33,31,7,2,Tower,Tower,"[[33, 18, 7, 16, 3, 9, 20, 31], [33, 18, 7, 1, 17, 9, 20, 31]]",NA,NA,NA
33,32,4,2,Tower,Tower,"[[33, 18, 7, 29, 32], [33, 24, 10, 23, 32]]",NA,NA,NA
33,34,6,1,Tower,Tower,"[[33, 24, 13, 2, 8, 21, 34]]",4,1,SSSGGG
33,35,6,2,Tower,Tower,"[[33, 24, 10, 4, 12, 25, 35], [33, 24, 13, 2, 8, 25, 35]]",NA,NA,NA
34,00,3,1,Tower,Partial,"[[34, 27, 6, 0]]",1,0,GGG
34,01,8,2,Tower,Partial,"[[34, 21, 8, 2, 13, 24, 18, 7, 1], [34, 27, 14, 5, 11, 22, 28, 17, 1]]",NA,NA,NA
34,02,3,1,Tower,Partial,"[[34, 21, 8, 2]]",1,0,GGG
34,03,8,3,Tower,Partial,"[[34, 27, 6, 0, 15, 26, 20, 9, 3], [34, 27, 14, 5, 11, 26, 20, 9, 3], [34, 27, 14, 5, 11, 22, 28, 9, 3]]",NA,NA,NA
34,04,4,1,Tower,Partial,"[[34, 21, 8, 12, 4]]",2,1,SGGG
34,05,3,1,Tower,Partial,"[[34, 27, 14, 5]]",1,0,GGG
34,06,2,1,Tower,Flat,"[[34, 27, 6]]",1,0,GG
34,07,7,1,Tower,Flat,"[[34, 21, 8, 2, 13, 24, 18, 7]]",4,2,SSSGSGG
34,08,2,1,Tower,Flat,"[[34, 21, 8]]",1,0,GG
34,09,7,3,Tower,Flat,"[[34, 27, 6, 0, 15, 26, 20, 9], [34, 27, 14, 5, 11, 26, 20, 9], [34, 27, 14, 5, 11, 22, 28, 9]]",NA,NA,NA
34,10,5,2,Tower,Flat,"[[34, 21, 8, 12, 4, 10], [34, 21, 8, 2, 13, 10]]",NA,NA,NA
34,11,4,1,Tower,Flat,"[[34, 27, 14, 5, 11]]",1,1,GSGG
34,12,3,1,Tower,Partial,"[[34, 21, 8, 12]]",2,1,SGG
34,13,4,1,Tower,Partial,"[[34, 21, 8, 2, 13]]",2,1,SGGG
34,14,2,1,Tower,Partial,"[[34, 27, 14]]",1,0,GG
34,15,4,1,Tower,Partial,"[[34, 27, 6, 0, 15]]",1,1,GSGG
34,16,8,3,Tower,Partial,"[[34, 21, 8, 12, 4, 10, 23, 29, 16], [34, 21, 8, 2, 13, 10, 23, 29, 16], [34, 21, 8, 2, 13, 24, 18, 7, 16]]",NA,NA,NA
34,17,7,1,Tower,Partial,"[[34, 27, 14, 5, 11, 22, 28, 17]]",4,2,SSSGSGG
34,18,6,1,Tower,Partial,"[[34, 21, 8, 2, 13, 24, 18]]",4,1,SSSGGG
34,19,3,1,Tower,Partial,"[[34, 27, 6, 19]]",2,1,SGG
34,20,6,2,Tower,Partial,"[[34, 27, 6, 0, 15, 26, 20], [34, 27, 14, 5, 11, 26, 20]]",NA,NA,NA
34,21,1,1,Tower,Partial,"[[34, 21]]",1,0,G
34,22,5,1,Tower,Partial,"[[34, 27, 14, 5, 11, 22]]",3,1,SSGGG
34,23,6,2,Tower,Partial,"[[34, 21, 8, 12, 4, 10, 23], [34, 21, 8, 2, 13, 10, 23]]",NA,NA,NA
34,24,5,1,Tower,Partial,"[[34, 21, 8, 2, 13, 24]]",2,2,SGSGG
34,25,3,1,Tower,Partial,"[[34, 21, 8, 25]]",2,1,SGG
34,26,5,2,Tower,Partial,"[[34, 27, 6, 0, 15, 26], [34, 27, 14, 5, 11, 26]]",NA,NA,NA
34,27,1,1,Tower,Partial,"[[34, 27]]",1,0,G
34,28,6,1,Tower,Partial,"[[34, 27, 14, 5, 11, 22, 28]]",4,1,SSSGGG
34,29,7,2,Tower,Partial,"[[34, 21, 8, 12, 4, 10, 23, 29], [34, 21, 8, 2, 13, 10, 23, 29]]",NA,NA,NA
34,30,6,1,Tower,Tower,"[[34, 27, 14, 5, 11, 22, 30]]",4,1,SSSGGG
34,31,6,2,Tower,Tower,"[[34, 27, 6, 0, 15, 26, 31], [34, 27, 14, 5, 11, 26, 31]]",NA,NA,NA
34,32,7,2,Tower,Tower,"[[34, 21, 8, 12, 4, 10, 23, 32], [34, 21, 8, 2, 13, 10, 23, 32]]",NA,NA,NA
34,33,6,1,Tower,Tower,"[[34, 21, 8, 2, 13, 24, 33]]",4,1,SSSGGG
34,35,4,2,Tower,Tower,"[[34, 21, 8, 25, 35], [34, 27, 6, 19, 35]]",NA,NA,NA
35,00,3,1,Tower,Partial,"[[35, 19, 6, 0]]",1,0,GGG
35,01,8,3,Tower,Partial,"[[35, 25, 8, 2, 13, 24, 18, 7, 1], [35, 25, 12, 4, 10, 24, 18, 7, 1], [35, 25, 12, 4, 10, 23, 29, 7, 1]]",NA,NA,NA
35,02,3,1,Tower,Partial,"[[35, 25, 8, 2]]",1,0,GGG
35,03,8,2,Tower,Partial,"[[35, 19, 6, 0, 15, 26, 20, 9, 3], [35, 25, 12, 4, 10, 23, 29, 16, 3]]",NA,NA,NA
35,04,3,1,Tower,Partial,"[[35, 25, 12, 4]]",1,0,GGG
35,05,4,1,Tower,Partial,"[[35, 19, 6, 14, 5]]",2,1,SGGG
35,06,2,1,Tower,Flat,"[[35, 19, 6]]",1,0,GG
35,07,7,3,Tower,Flat,"[[35, 25, 8, 2, 13, 24, 18, 7], [35, 25, 12, 4, 10, 24, 18, 7], [35, 25, 12, 4, 10, 23, 29, 7]]",NA,NA,NA
35,08,2,1,Tower,Flat,"[[35, 25, 8]]",1,0,GG
35,09,7,1,Tower,Flat,"[[35, 19, 6, 0, 15, 26, 20, 9]]",4,2,SSSGSGG
35,10,4,1,Tower,Flat,"[[35, 25, 12, 4, 10]]",1,1,GSGG
35,11,5,2,Tower,Flat,"[[35, 19, 6, 14, 5, 11], [35, 19, 6, 0, 15, 11]]",NA,NA,NA
35,12,2,1,Tower,Partial,"[[35, 25, 12]]",1,0,GG
35,13,4,1,Tower,Partial,"[[35, 25, 8, 2, 13]]",1,1,GSGG
35,14,3,1,Tower,Partial,"[[35, 19, 6, 14]]",2,1,SGG
35,15,4,1,Tower,Partial,"[[35, 19, 6, 0, 15]]",2,1,SGGG
35,16,7,1,Tower,Partial,"[[35, 25, 12, 4, 10, 23, 29, 16]]",4,2,SSSGSGG
35,17,8,3,Tower,Partial,"[[35, 19, 6, 14, 5, 11, 22, 28, 17], [35, 19, 6, 0, 15, 11, 22, 28, 17], [35, 19, 6, 0, 15, 26, 20, 9, 17]]",NA,NA,NA
35,18,6,2,Tower,Partial,"[[35, 25, 8, 2, 13, 24, 18], [35, 25, 12, 4, 10, 24, 18]]",NA,NA,NA
35,19,1,1,Tower,Partial,"[[35, 19]]",1,0,G
35,20,6,1,Tower,Partial,"[[35, 19, 6, 0, 15, 26, 20]]",4,1,SSSGGG
35,21,3,1,Tower,Partial,"[[35, 25, 8, 21]]",2,1,SGG
35,22,6,2,Tower,Partial,"[[35, 19, 6, 14, 5, 11, 22], [35, 19, 6, 0, 15, 11, 22]]",NA,NA,NA
35,23,5,1,Tower,Partial,"[[35, 25, 12, 4, 10, 23]]",3,1,SSGGG
35,24,5,2,Tower,Partial,"[[35, 25, 8, 2, 13, 24], [35, 25, 12, 4, 10, 24]]",NA,NA,NA
35,25,1,1,Tower,Partial,"[[35, 25]]",1,0,G
35,26,5,1,Tower,Partial,"[[35, 19, 6, 0, 15, 26]]",2,2,SGSGG
35,27,3,1,Tower,Partial,"[[35, 19, 6, 27]]",2,1,SGG
35,28,7,2,Tower,Partial,"[[35, 19, 6, 14, 5, 11, 22, 28], [35, 19, 6, 0, 15, 11, 22, 28]]",NA,NA,NA
35,29,6,1,Tower,Partial,"[[35, 25, 12, 4, 10, 23, 29]]",4,1,SSSGGG
35,30,7,2,Tower,Tower,"[[35, 19, 6, 14, 5, 11, 22, 30], [35, 19, 6, 0, 15, 11, 22, 30]]",NA,NA,NA
35,31,6,1,Tower,Tower,"[[35, 19, 6, 0, 15, 26, 31]]",4,1,SSSGGG
35,32,6,1,Tower,Tower,"[[35, 25, 12, 4, 10, 23, 32]]",4,1,SSSGGG
35,33,6,2,Tower,Tower,"[[35, 25, 8, 2, 13, 24, 33], [35, 25, 12, 4, 10, 24, 33]]",NA,NA,NA
35,34,4,2,Tower,Tower,"[[35, 19, 6, 27, 34], [35, 25, 8, 21, 34]]",NA,NA,NA
